content,score
good,5
"pesan gofood masak disuruh nunggu driver sampai hampir 2 jam, mengecewakan sekali akhirnya pesanan datang ketika sudah makan dari beli yang lain karena nunggu terlalu lama. mau dibatalin tidak bisa, kenapa sih susah sekali untuk pembatalan saja padahal jelas2 nunggunya terlalu lama, mohon diperbaiki untuk sistem tunggu maksimal mungkin sekitar 15 menit saja selebihnya pembeli berhak untuk membatalkan jika menunggu terlalu lama bukan malah disuruh nunggu sampai hampir 2 jam yaa kelaparan dong.",1
mantap,5
sering kecewa dari gofood. sudah nunggu lama makanan sudah jadi tapi tidak ada driver tiba2 pesanan dibatalkan.,1
susah banget cari driver utk gofood. pesan makanan sudah nunggu lama 1 jam tetap tidak dapat driver. pesan ulang... jg begitu nunggu lama 1 jam tidak dapat driver. ganti resto tetap sama sudah nunggu 1 jam tetap tidak dpt driver. pesan dari jam 6 sore sampai jam 9 malam.... hasilnya zonk. cuma capek nunggu.,3
sejauh ini sangat user friendly,5
"lama dan susah bgt dapet driver kenapa sii uda 2kali pesen kaya gitu terus, buang buang waktu hrus nunggu sejam ujung""nya tetep dibatalin mana lagi laper bgt dibelain nungguğŸ‘ğŸ»ğŸ‘ğŸ»",1
temen perjalanan,5
"mohon diperbaiki pelayanan apk nya, sudah sering mengalami pesan gofood 1 jam kemudian di cancel. driver juga banyak yg bermasalah. tolong lebih diperhatikan kembali.",3
klo hujan gak ada driver yg bisa anter makanan didaerah itu mending tutup aja aplikasinya..menyusahkan!,2
"BUAT YG BELUM PERNAH PINJAM DI SINI JANGAN SAMPE YA KARNA, TELAT 1 HARI AJA PENAGIHANNYA UDH KYA SETAN. NGALAHIN PINJOL ILEGAL. SEBAR DATA SEBAR KONTAK. GAK NGOTAK. PENGADUAN LEWAT DM DI IG EMAIL DLL PERCUMA GAK DIRESPON",1
Evaluasi komplain dari pelanggan,1
"makin kesini, kenapa gojek makin Ngga oke ya? setiap pesan ojek online maupun gofood, selalu lama. padahal jarak ngga jauh, ngga hujan, ngga badai. Kita udh laper, berharap segera datang, malah ngga dapat"" driver.",1
"selalu ada notif gak bisa bayar ke google play di jam 21.30, padahal gapernah berlangganan apapun",1
"Banyak driver sombong, jarak deket aja tarifnya selangit, mending pake apk lain aja",1
oke,5
kecewa sama driver kalian 2x mesen gofood org beda kembalian ga sesuai saya diemin mungkin lg ambil di tas/dmpet atau gmnaa eh malah bablas di chat ga bls barusan tadi sama sengaja saya diemen malah bablas wkwk 50 di pake 27 di kembalikan 12k hmm ko jadi gini gojek makin buruk para drivernya saya ga akan mereka kasih rating buruk karena mereka cari nafkah buat keluarga,3
"aplikasi yang driver gofood dan lainnya manja, hujan gerimis saja driver 2x dapat 2x kali pula dibatalin...beda Aplikasi sebelah.",1
bagus,5
apk nya bagus semoga bisa lebih berkembang dan maju lagiğŸ‘ŒğŸ‘Œ,5
"GOFOOD SANGAT MENGECEWAKAN DRIVER SUSAH BANGET DIDAPAT PADAHAL JARAK JUGA TIDAK JAUH, NUNGGU PROSES NYA 1 JAM TIDAK BISA DIBATALIN, AYOLAH SPT ITU SANGAT EGOIS, JIKA MEMANG SDH TIDAK ADA DRIVER YG MENGAMBIL, SEKIRANYA BISA DONG LANGSUNG DIBATALIN PESANANNYA, GAPAKE NUNGGU 1 JAM!!!",1
bagus,5
aplikasi online food yang sangat buruuuuk sekali biaya ongkos kirim mahal susah dapat driver saya pesan makanan dari jam 18.00 nyampai ke saya pukul 20.37 lamaaaaa polll lelet mahal,1
"dari dlu sllu pakai gojek,enak,nyaman,cpet,sukses sllu",5
gojek memudahkan pembelian makanan dan juga untuk mengantar ke lokasi yang ingin kita tuju,5
"Pesan makanan dari sebelum jam 7 malam g ada driver. Begitu dapat driver, driver nya cancel. Dapat driver yg kedua sekitar 1jam. Makanan sampai rumah setengah 9. Aktifin lagi dong, tombol cancel order nya, atau perpendek waktu tunggu dari order maks 30 menit g ada driver bisa di-cancel.",3
"mantap gas pol, banyak promonya",5
kalau memang tidak ada driver ya dari awal adain opsi pemnagalan masa ga bisa dibatalin padah udah nunhgu lebih dari 1 jam bahkan kejadiannya berulang,1
"saya kecewa pakai Gocar disetiap cuaca Hujan selalu ga ada Driver yg mau, padahal saya pakai yg Standart tanpa Promo masih ajha tidak ada respon, saya mau kerja jadi TERLAMBAT TOLONG TANGGAPAN CEPATNYA min kalau DRIVER ga ada yang niat semua mending TUTUP APLIKASI ajha ğŸ¤¬ğŸ¤¬ğŸ¤¬",1
goodjob,5
Respon CS Go Food JELEK BGT,1
"beli makanan pake go food pas hujan susah cari driver, di cancel ndak bisa dan menunggu 1 jam lebih biar bisa auto cancel, segera diperbaiki sistemnya. minta bantuan CS malah isinya tentang driver semua padahal belum dapat driver sangat tolol sistemnya",1
"parah x sih. segera akan di uninstall 1keluargaku. malas pake gojek lg. g bermutu aplikasinya. kecewa bgt sama gojek ni. uda 2x dpt kejadian begini, tggu lama bgt pesanan gofood tak dtg2, mana g bisa cancel pdhl hrs cari makanan lain krn ngejar makan anak sdgkn pesanan di gofood lamanya mnt ampun, mau g mau ditgguin terus ampe 1jam, ujg2nya y dicancel. mau cancel sndr g bs. mau pesan mkn lain, tkt yg ini dtg. BURUK X KAU GOJEK",1
promo khusus pengguna baru nya kaga ada sekarang hadehh,1
"sedih banget , saya sebagai penjual, makanan udah di siapin , driver udah datang tiba tiba ke cancel dong ,,, harusnya kalau udah di siapin jangan di cancel secara sepihak min ğŸ˜“ngrugiin banyak orang",1
kami membutuhkan gojek gocar untuk berpergian dan pulang menuju rumah saat keadaan darurat dan HUJAN.sekali lagi saat Hujan tapi kenapa dibutuhkan saat hujan sekali lagi saat HUJAN selalu tidak ada driver .,1
susah dapat kan driver kalau pun di aplikasi di buat 20 menit bisa nyampeknya 1 jam lewat,1
"gofood sering di cancel entah dari resto/ driver, yang bikin kesel udah nunggu sampe sejam malah di cancel....",1
"nyari driver selalu susah, mau batalin pesenan juga lama bgt org sudah lapar mana uda bayar pake TF",1
setia dari 2016...terimakasih sudah banyak membantu setiap aktivitas,5
"goofoodnya g dapat driver udh 1 jam keburu kelaparan,g bisa di batalin lg",1
bagus dan berguna,5
aplikasi pelit mahal,1
setiap hujan dan pesan gocar selalu ga dapat atau di reject oleh driver. hanya saat kondisi hujan,1
Cepat dan tepat waktu,5
ceritanya panjangğŸ¤­ğŸ¤­,5
"bener"" gawaras!!! nunggu 1 jam ternyata ga cancel sistem karena gaada driver kenapa ga 15 bisa cancel sendiri karena gaada driver? 1 jam kelaparan gajadi makan!!!!",1
Pelayanannya bagus cocok buat yang mager bisa pesen lewat gojek,5
makin lama aplikasinya makin buruk..,1
"MAHAL BANGET ANJING ONGKIR GOFOOD NYA SEKARANG, YAKALI ONGKIR SAMPEK 70 RIBU!! KEBELET NAIK HAJI INI APLIKASI SATU",1
baik,5
"gak dapat"" driver",1
"gofood bobrok banget, sulit dapat driver tapi susah banget di cancel, ada menu chat dengan cs tapi yang balesin bot, waktu untuk menunggu driver juga berubah ubah Halah gak tau lah gimna lagi jelasinnya, emang paling bener untuk food beli pakek aplikasi lain",1
"sekarang apklikasi gojek ini sangat jelek, sudah mahal, lambat Pula mencari Draivernya, Pokoknya tidak rekomet sekarang pakai Gojek.",1
"ribet banget mau bayar gopay pinjam ribet karena saya lupa pin dan nomer yang terdaftar udah gak kepakek, kasih opsi kirim otp ke gmail dong ngapain bisa sambungin ke email tapi pilihan kirim otp gak bisa ke gmail, saya sudah memulihkan akun tapi kenapa masih harus memasukan pin gopay emang ribet banget",1
"voucher hilang ketika ada pembatalan dari toko bukan dari diri kita, dan itu sangat merugikan, seharusnya ada refund untuk voucher itu tapi malah hilang. sama saja seperti judi haram hukumnya.",1
good bagus,5
"tidak berguna disaat penting, jika hujan, driver mobil tidak ada yang menerima. meski sudah pilih prioritas dengan penambahan biaya",1
mantap,5
bagus euy,5
"driver mobil banyak yg mager, sering kena cancel orderan.. kaya ga niat kerja",1
"mohon tingkatkan layanan gocar,,krn bnyak driver pilih2 rute.. di chat gk bls tau2 cancel pdhl udh nunggu lama.. tyus klo semisal yg pesen itu urgent mw lahiran gmn coba???",3
aplikasi paling top!!ğŸ‘ğŸ»ğŸ‘ğŸ»ğŸ‘ğŸ»ğŸ‘ğŸ»ğŸ‘ğŸ»,5
Bagus 1,5
memudahkan tranportasi kita,5
"cepat datang kendaraan motor ataupun mobil, kerjaan lancar deh",5
good,5
selalu mendapat driver yg baik,5
wow,5
aplikasi nya cukup membantu buat orang yang mager buat beli makanan.,5
"nyaman ,aman, ramahproses penjemputan cepat",5
coba di benahi lagi SDM nya,1
thanks to gojek.,5
tak diragukan,5
sangat bermanfaat ğŸ‘ğŸ‘,5
"Aneh banget beli token listrik 20k ajh di sangka transaksi yang mencurigakan terus langsung di blokir paylater nya lucu banget sumpah,katanya tunggu selama 7hari sekarang sudah 1bulan lebih tidak bisa di gunakan lucu banget kan",1
perjalan jadi lebih mudah,5
"di bali susah bgt dapet driver buat gocar susah bgt dpt driver padahl udah pke prioritas driver pada on tapi gak jalan2 diem bae minta biar kita cancel tiap butuh selalu ada drama gini nyebelin bgt bnerin tuh mitramu smua padahal bayar loh bukan numpang!!!!!!!!!! tolong perbaikin ini nyusahin bgttttt!!!!! ini aku bls lagi bukan karna di jam sibuk itu drivermu on smua tapi diem baee gak jalan2, lain kali buat aturan klo gak mau ambil orderan sruh jangan on aplikasi mreka",1
"bilangin sama driver gocar kalian, kalau penumpang lagi pakai jasa kalian subuh2 dan minta nyalain lampu dalam mobil tuh nyalain, ini supirnya pas diminta malah kekeh ngga mau nyalain. alhasil mobil jadi gelap dan bikin ga nyaman, serba takut di sepanjang jalan. gila yaa!",1
"berguna banget buat aku yg pergi"" an jadi lebih mudah",5
membantu anda untuk mengantar ketujuan anda,4
terbantu banget,5
"Payah, dapat potongan eh di batalkan kurir, minimal gocar yang batalkan tuh dikasih sanksi lah, seenaknya batalin,mentangÂ² kami dapat diskon,dia malah bilang yaelah sigutamh pesen gojek aja pak. taee emang sipaling ngemanjain mitraaa.",1
good,4
"bagus ,, makanannya enak sedap",5
"daftar GK bisa,,,,Aplikasi tolol",1
Gojek selalu membantu dan memberi kemudahan serta manfaat.,5
"UNTUK YG LAPAR MENDING PAKE APLIKASI LAIN SAJA ..ORDER GOFOOD YG ADA MALAH KELPARAN,.ALASAN NYA BA BI BU....ALASAN JAM SIBUK/ APAKEK GA AD GUNANYA.KALAU DI LIAT DI LAPANGAN DRIVER NUMPUK BANYAK PADA NGANGUR..ITU SEMUA ALASAN APLIKATOR ORDERAN DI GABUNG2 IN ..BIAR UNTUNG BESAR(SERAKAH TIADA AKHIR). SEDANGKAN DRIVER DI LAPANGAN ONGKOS MASIH DI KORUP TERUS.",1
"sakit hati saya sama aplikasi ini, hususnya gofood udah jelas pesanan saya selesai tinggal antar, malah double order katanya dari aplikasinya jadi harus nungguin lagi lama, dan ga ada tombol pembatalan. aplikasi bot",1
sangat membantu ğŸ‘,5
"simple, keren , mantap dah",5
tolong adakan fitur nontol,1
gopaynya buat skan qris susah bgt walaupun gambar qrisnya udah jelas bangetğŸ˜‘ğŸ˜‘,3
"Gojek sengaja ya setengah lebih dari layar pantau kepakai buat iklan dan info driver nya doang. sedanglayar pantau sendiri sedikit banget sampai gak terlihat tuh, gimana mantaunya??? Tolol banget, sengaja lu kalau ada masalah biar bisa berkelit??? udah biaya gojek naik jauh banget jadi mahal skarang ada segala pilihan hematlah tanpa ribetlah... padahal tetep aja drivernya lama datengnya... segera perbaiki kalau masih berharap banyak pengguna",1
ok,5
saya senang menggunakan aplikasi ini karena sangat mudah untuk waktunya bepergian,5
semua nya bagus,5
Pesan ayam mala yg datang kentangğŸ˜¤ğŸ˜¤,5
ok,5
Tetap semangat di 2026,5
merpermudah perjalanan,5
cepat dan akurat,5
mantaaap,5
Gojek is the best,5
Mohon maaf saya instal aplikasi ini cuma utk komplain...apakah ada ketentuan waktu tunggu saat mengambil brg gosend??? saya bener2 muak dgn driver nya yg tua itu. Seakan2 ndak butuh orderan (nunggu sedelok wae rak gelem)..aplikasi GATEL !!!!,1
baik,5
mantap,5
good,5
good,4
Alhamdulillah,5
sangat membantu usaha saya..utamanya fitur gosend,5
nyaman sekali,5
Saya dapat diskon terus,5
saya dapat diskon terus. TERBAIK,5
sangat membantu,5
oke appnya,5
parah banget anjir ga bisa batalin go food padalah baru di klik,1
gojek sangat membantu sekali.,5
oke banyakin diskonnya kalau bisa ya,5
SEKARANG LAMA BANGET DAPAT DRIVER NYA.. PESEN MAKAN 1JAM LEBIH BARU NYAMPE.. TUTUP AJA GOJEK ONGKIR MAHAL PELAYANAN LELET.. GK KAYA DULU SAT SET,1
dpt diskon ktnya. taunya ada biaya penangan. lbh gede dr ongkir. tinggalkan ajalah gojek ini.,1
"Sangat buruk, pinjaman sudah lunas masih ditagih, sama saja melakukan pemerasan.",1
ok lah,5
Hujan2 dikirimi makanan..eh mantan si dong kita kangen2an ğŸ˜†,5
bagus,5
sangat puas,5
terkadang driver gak niat jemput customer nya,4
aplikasi yang cukup membantu baik dalam bepergian dan saat membutuhkan makanan,5
"mudah praktis,murah,ramah",5
ok,5
baik,5
so friendly,5
"Go-jek tolong bikin fitur auto cancel jika ada Driver yg ""nakal"", sy sudah 2x pesen go-food di resto langganan tapi ada oknum driver yg asal minta tambahan biaya parkir.... padahal jelas-jelas tiap beli makanan di tempat yg sama tidak ada biaya parkir. Kesannya oknum driver mau menguntungkan sendiri tapi merugikan customer dengan cara yg tidak jujur.",5
sangat terbantu,5
Aku Terbantu banget jadi enak kalo pesen makanan sama mau kemana aja pokoknya mantap lahğŸ‘ğŸ‘ğŸ‘ğŸ‘ğŸ‘ğŸ‘ğŸ‘ğŸ‘ğŸ‘ğŸ‘ğŸ‘,5
"kalau gofuud selalu bilangnya telat, padahal udh pesan express!",1
drivernya kebanyakan songongÂ²,1
incredible,5
lumayan cepat layanan nya,4
sangat suka pakai gojek,5
ITS oke,5
aplikasi ga ada gunanyav,1
mantap,5
"Aplikasi payah, menghapus aplikasi terhubung tidak bisa",1
sangat kecewa setiap mesan gofood pasti mencari driver nya lama sekali udah nunggu 1 jam ga dapat2 kalau hari hujan kita maklum kan ini cuana bagus nyari driver nya kaya nyari artis sangat kecewa dengan pelayanan nya,1
gak rugi pakai gojek ğŸ¤©,5
gak pernah kecewa sama gojek,5
membantu bgt,5
"tolong gojek di edukasi lagi drivernya, sy pesan GoCar prioritas , sudah nunggu lumayan lama karna posisi driver macet, tapi pas udah dekat lokasi jemput driver malah menjauh posiisnya, di chat telp gak langsung di respon, rupanya driver sedang ngantar barang penumpang sebelumnya ketinggala. saya loh pesan prioritas biar di utamakan. malah seperti itu jadinya",3
sangat baik,5
"Busuk nih aplikasi. pesan gofood lama, sama beberapa kalo extend waktu. dibatalin gak bisa karena katanya resto sudah konfirmasi dan sudah buatin orderannya. tapi gak dapat-dapat driver. Tapi ketika cari nomer resti di gmaps, konfirmasi apakah benar orderan masuk dan sudah dibuatin, katanya TIDAK Masuk Dan belum buatin. Saya mutuskan telp karena kalau dah dibuatin mau diambil aja, ngalah ngambil. Biar gak dirugiin restonya, dan makanan tidak terbuang. Mending pindah aplikasi sebelah aja.",1
aplikasi bagus recomended,5
"untuk daerah Yogya, kenapa aplikasinya lama banget dapatin drivernya. kesal aku, nunggu hampir 1 jam setengah untuk gofood doang. emang sebermasalah itu kan?",1
kalau hujan susah dapat driver mohon dipercepatğŸ™ğŸ™,2
mantap,5
sebenarnya oke oke aja tapi ongkirnya nggak mau ke pakai,4
apk taik sulit dapet driver,1
mantap,5
payah kode OTP gagal . padahal sudah benar kodenya. buruk sekali,1
tutup aja perusahaannya sejam gak dapet driver juga parah sih,1
waw......sangat ramah utk pengeluaran uang sy sangat senang sekali pakai aplikasi gojek....,5
"bikin pengaturan gimana sih, pesen makanan harus nunggu cari driver sampai hampir 2 jam baru bisa di batalkan. makin gilak emang ni aplikasi",1
cari cari gk dapet kelamaan,1
mantul,5
bagus banget,5
APLIKASI YG BURUK...bintang 1,1
"sangat susah mencari driver saya pesen makanan nungguin lebih 1 jam setengah giliran dapet driver malah dibatalin sama drivernya, saya sangat kecewa apk tidak berguna,",1
"susah bgt dapet driver kalau pesen makanan, lalu pembatalannya butuh beberapa menit, padahal posisi pesen makannya pas kondisi badan gk fit",1
"Tolong banget kasih solusi yg lain dong, udah sering bnget gk dapet driver wktu pesen gofood, mana gak bisa dibatalin, pake nunggu 1 jam dlu, bru batal otomatis, kelamaan. tolong bnget deh biar lebih mempermudah dn gk ngerugiin kedua pihak juga",2
"semakin kesini semakin payahh ..dlu gofud paling lama 20menit, skrg bisa 1jam gak dpet2 driverr!!",1
"susah bgt dapat driver sekarang, udah nya ongkir mahal, susah dapat driver lagi padahal udah pesen express tapi harus nunggu 2jam, dan penanganan cs kurang membantu",2
"driver kalian itu super lelet. sekarang tiap pesan apa pun, berapa pun jaraknya ga pernah langsung ada yg pick up, buang-buang waktu banget! Bintang kalian yang 4,7 di Google Play ini saya yakin pake jasa buzzer biar ratingnya tinggi. Uninstall!",1
"pemesanan makanan tidak bisa di batalkan, fitur terlalu kaku",2
"pantas saja ratting nya JEBLOG aplikasi banyak bermasalah....w mau narik aktif dr pagi jam 7:15 gofood gak ada 1 pun sampe jam 19:12 gak ada 1 pun gofood nyangkut dah muter"" sampe penasan ngetam d dpn mall taman anggrek central park,tanjung duren,Binus,Benhil hasil nya NOLLLLL BESAR kalau gak becus kerja jadi programmer mending RESAIGN kasih kesempatan yang NIAT kerja",1
"habis update kenapa jadi sulit pesan gofood, sudah 1 jam nunggu tau nya driver sibuk gak dapat driver di suruh pesan ulang lagi",2
sukses terus,5
"persebaran driver gocar tidak merata. mungkin bisa dibuat sistem biar mengharuskan driver stay merata terutama di daerah yang user aktif berada, bisa ditarik dari algoritma nya user juga kan. saya user aktif jadi merasa dirugikan karena gak nyantol2 driver tapi mau gimana lagi bisanya gocar, kalo ada aplikasi lain mah pilih lain yg penting lekas jemput lekas nyantol",1
nice,4
mohon di percepat pengaktifan gopay plus saya,5
"kasihan yang punya saham gojek . bukannya melakukan perbaikan agar menjadi lebih baik, malah segala lini di buat semakin buruk . berdampak pada nilai saham. karena pelanggan akan makin berkurang. pelanggan yang kecewa tidak akan terpengaruh lagi dengan promo apapun. percuma promo terus2an tapi pelayanannya buruk . atau memang sengaja di buat buruk, lalu bangkrut, pemegang saham jadi merugi .",1
mantap,5
gaenak aj klo pesen makanan ud nunggu lamaa tp gabisa dicancel,1
"ok untuk sekarang drivernya udah lebih ramah, profesional cukup memuaskan untuk drivernya, pelanggan dengan gojek plus+ itu paling diskon paling mentok goride 1.5k-2k ga worth it banget dengan masa langganan 3bln 35k, ya maksud saya sekali sekali adain diskon yang lumayan untuk pengguna, EDIT KAPITALIS BENER SAYA SUDAH BELI GOJEK PLUSS GA ADA PERUBAHAN DISKON, APALAH, MALAHAN VOUCHERNYA UDAH GA ADA LAGI MINIMAL DISKONNYA SAJA SEKARANG CUMA 500P, PALING BESAR 1K SEKARANG ASTAGA",2
siplah,5
"kenapa si klo memang pesan gofood terus di cancel sama driver nya dan harus menunggu waktu yang lama lagi? kenapa ga lsg di cancel dari resto nya atau pemberitahuan ke customer nya dulu? semisal orang nya sudah ga kuat menahan lapar atau ada keperluan lain untuk berangkat, bagaimana klo driver nti mengirim tapi tidak ada orang nya karena terlalu lama menunggu. salah siapa kalo sudah begitu? costumer atau aplikasi? tolong fitur nya di perbaiki lagi",1
puas banget pake gojek.. apalagi kalo diskonnya gedeğŸ¤­,5
joos pokok e,5
ok,5
DRIVER NYA GA JALAN JALAN!! NYESEL BANGET ditungguin lama banget sampe setengah jam masih ga jalan!! nyesel banget download ini. klo gitu mah mending pindah ke MAXIM aja!!,1
"gojek same day dan instan di tokopedia dan juga shopee sulit pickup selalu melakukan pembatalan, ada apa denga gojek same day khususnya di tokopedia sehingga driver selalu membatalkan pickup, permasalahannya bukan ketiadaan driver pada titik lokasi namun driver selalu melakukan pembatalan ketika hendak malakukan pickup, saran saya untuk yang lain jangan gunakan gojek same day pada aplikasi tokopedia, cukup saya yang di kecewakan. Tarik tunai bermasalah, ini kemana lakukan pengaduan",1
terimakasih,5
ini gojek kenapa saya SDH 2 tahun belum juga di panggil.apakah gojek SDH mulai modus tipu2,3
"tadi habis naik gocar dimaki2 sama sopirnya,, y Allah mana sama anak , ada orang galaknya kaya gitu marahnya GK msuk akal",1
mahal banget coyyy beli bakso harga 25 rb.. biaya penanganan + ongkir 18 rb... kagak ngotak ongkir sama penanganan...,1
markotoppp CuyyyğŸ’ªğŸ»ğŸ˜¹,5
"masi banyak bug kakk,kasian masa driver saya kena suspend padahal dia engga salah apa apa",1
mantap ğŸ‘ğŸ‘ praktis,5
ok jozz,5
pengalaman yg menyenang kan,5
istimewa,5
Aplikasi yang sangat membantu,5
menyebalkan untuk gofood tidak bisa dibatalkan pas lagi kepencet !!!!!!!!!!!!!!,1
susah banget 1 jam gak ada yang nerima gocar kadang udah diterima tapi dibatalin sumpah gak worth it bgt!,3
tambahin notif kalau restonya chat dong admin.,4
mempermudah aku yang ga bisa naik motor banget,5
sangat membantu dalam perjalanan,5
sangat membntu,5
"pesen barang pake instant sampe 3hari gada yang ngambil, mending gausah ada pengiriman instant, KOCAK! ğŸ—¿",1
oke nice ğŸ™ğŸ™ğŸ‘ŒğŸ‘Œ,5
selalu ada pas kita butuh driver,5
semangat,5
"aplikasi jelek, saldo ga di refund, udah nunggu 14 hari, disuruh nunggu lagi 14 hari",1
aplikasi Ter luv pokoknya,5
"Untuk pelayanan dan pengantaran Gofood sudah baik, minusnya kalo ada pesan makanan yg kurang itu komplain dan prosesnya lama -_-!!",3
kenapa tidak bisa menampilkan maps saat makanan sedang di jalan,4
Ok bgt banyakin diskonnya y om,5
puas memakai gojek,5
joz,5
Puas banget! ğŸš€ Gojek itu solusi transportasi dan layanan harian yang super praktis!,5
Barakallahufiikum.,5
terimakasih,5
puas,5
the best,5
belanja online pengiriman pake gosend INSTANT dari kmrn gk dpt dpt driver sengaja pake instant biar cpt dtng malah driver gk dpt dpt,1
baik dan cepet,5
Tidak puas Sekali pesan Gomart tidak dapat driver,1
Mahal tarif..dan harga makanan...indrive lebih murah..Bunga Paylater dan biaya admin 20%..harus dilaporkan ke OJK,1
"aplikasi gojek ngebantu banget kalo lagi gaada yg anter, mudah dan efisien bangett!",5
banyakk promoo malasih banget yahh gojekk sering sering kasi promo.. ngebabtu banget buat yg mau makan enak tapi budget lagi tipis,5
selalu tepat saat dibutuhkan,5
puas..,5
Mantappppp,5
buruk,1
kecewa,1
sangat terbantu cepat layanannya,5
good,5
Coba kasih bintang 5 biar Gopay pinjamnya di terima.,5
Mau pake gojek instan biar langsung hari itu juga sampe .. Pesen pagi nyatanya sampe malam gk ada yg ambil hadeh makin buruk aja pelayanan nya padahal dekat cuman lempeng lurus aja Alasan taik jelas udah ada yg ambil tp di batalin driver .. Suspend kalo emang gk niat kerja .. Dih lunak kali kau siapa yang mau pake jasa lu lagi kalo gini terus,1
udh gak guna,1
aplikasi tidak bisa digunakan,1
Mantap,1
kena hacker dan penipuan udah ada laporan tapi masih ada tagihan..itu gimana sih maksudnya jadi g kompeten..sayang sekali.. tadinya saya respect karena bagus..padahal saya g pake gopaylater eh malah kena hacker..sedih banget,2
menyenangkan,5
responnya cepat,5
"Dulu sih terbantu, tapi tiba"" malah akun saya dibekukan tanpa alasan yang jelas yg dimana saya tidak pernah sama sekali melakukan pelanggaran yang disebutkan dan tidak ada solusi dari pihak gojek. Saya membuat akun baru dengan no baru tetap saja dibekukan, padahal belum ada transaksi yang dilakukan, melapor ke pihak gojek juga tidak ada solusi, tidak akan lagi memakai gojek kalau begini, semua akun tiba"" dibekukan, tolong solusinya yg solutif.",1
aplikasi brengsek terutama di gofood..kita disuruh menunggu selama 50-60 menit dengan jaminan dapat cashback klo orderan tdk dikirim atau dibatalkan..kenyataannya pada menit terakhir setelah menunggu sekian lama orderan dibatalkan dengan alasan persediaan habis.cashbacknya pun hilang ditelan bumi..trus dengan perasaan tanpa dosa aplikasi ditutup.tolong kalian punya sedikit hati nurani,1
ok,5
driver nya murah senyum,5
denda payleternya gak ngotak sehari 50.000 dan gaada notif jatuh tempo denda lebih mahal dari harga makanannya,1
sangat membantu dan memudahkan,5
Mantap ğŸ‘,5
mantep,5
"penyelesaian masalah tidak menemukan solusi, aplikasi kena hack padahal nomer sudah lama dipakai tetap saja ga bisa balik",1
membantu sekali buat perjalanan jauh dekat,5
ok,5
Membantu sekali good,5
mau login akun gojek buat beli makan aja harus pake verifikasi wajah segala. Mana gagal mulu lgi ribet bgt apk gajelas cuma buat pesem ojok makam aja verifikasi dn gagal trus aneh. repot,1
ok sangat,5
ALHAMDULILLAH pertolongan ALLAH SWT membantu lewat aplikasi gojek semoga berkah untuk semua pengguna dan juga untuk bos gojek dan karyawan semoga kita semua di keselamatan dan kebahagiaan dunia dan akhirat,5
so far so good lah,5
"gojek kenapa sih,bisa gila gw bikin 4 pesanan makan dalam 1 malam ,gak ada 1 pun yang di ambil driver,mana mau batalin harus nunggu 1jam an.. padahal dah pake gojek lama,udah mah harga nya gak kiraÂ²",3
"kecewa banget , nyari driver aja sampe 1 jam lebih, abis dapet driver pesanan baru di buat, nunggu lagi stengah jam, total menunggu sampe 2 jam,pesan jam 11 nyampe jam 1, anak saya yg tadinya mau makan sampe ketiduran.",3
memudahkan dalam transportasi,5
aplikasi terbaik yang sangat membantu,5
mantap jiwa,5
"aplikasi banyak ngerugiin customer dan resto, gada ujan gada angin selalu ga dapet driver, kaya orang niat ga niat usaha, yakin gamau di evaluasi???? miris..!!!",1
puas,4
"gada hujan gada petir aplikasi food paling susah dapet driver meskipun pakai yg express 2x pesan 2x batal karna ga dapet driver, payah..!!!",1
semakin melayani dengan hati,5
"tolong ya gojek,,cari driver yg sopan jgn yg kayak preman,,,ak td baru aja kesal Ama Driver ngebacot ujung ujung y ngobrol kayak ngancem dan sedikit ucapan kayak pelecehan,,,ak di paksa kasih bintang 5 ,,,ak ga berani kasih bintang 1 Krn alamat Dy ga jauh dari gang kontrakan,,Dy yg salah titik jemput Dy yg marah marah,,,",3
cs ga pernah mau respon,1
pakai gojek plus malah promonya hilang semua. gajelas,1
tolong kalau orang pakai gofood ongkir nya jangan lebih mahal dari harga apa yang orang beliğŸ™ğŸ™,3
"Kapok pake app, telat sehari, SMS ga karuÂ²an, ngataÂ²in yg belum pernah saya terima sebelumnya, bnrÂ² tdk profesional, bye ğŸ‘",1
"awal-awal sih bagus, makin kesini makin susah cari driver. mana sering di batalin lagi padahal udah nunggu berjamÂ² tetap aja di batalin lagi dan lagi, ga jelas banget, makin tahun bukannya makin upgrade ini malah makin down gradeğŸ—¿",1
"kalo agak maleman dikit banyak di cancel sama drivernya, parahhh bngett",1
sangat mmbntu,5
"gak ada solusi pasti jika hujan, dan banyak iklan gak jelas",1
Pencarian driver nya sangat lama dan ketika mau di batalkan tidak bisa harus menunggu kebijakan aplikasi yang sangat tidak menguntungkan customer,1
sangat membantu,5
"gojek kalau lagi hujan bisa nunggu sejam ga dapet"", padahal harganya makin naik ttp aja ga dpet""",4
Bagus,5
mantap,5
sikapnya ramah dan sopan tepat waktu dan cepat sampai meskipun hujan deras banget tetap tepat waktu,5
good transport,5
"pesen le mineral galon pake gomart barangnya abis(kosong), eehhh tetep dimintain biaya pengiriman, mana ga bsa di cancel",1
"Mohon maaf sebelumnya atas rating bintang 1, namun saya juga jujur kecewa pada layanan gofoodnya 2 kali telat dalam menghantar makanan apalagi yang terakhir ongkirnya sudah reguler namun nunggunya 1 jam lebih sampai laparnya hilangpun tidak dapat driver-driver akhirnya saya batalkan",1
kecewa berat saya dari jam 6.30 sampai jam 10.40 gk dapat driver buat gofood saya. masa pengerjaannya sampai 1 setengah jam itu makanan atau bitcoin lama banget keburu mati kelaparan gue dibuatnya,1
Kalo cuaca mendung sedikit atau gerimis tipis nyaro driver ampunnnnnn susah banget,2
pesan gofood 300m harapannya cepat sampai. 1jam gak sampaiÂ². tibaÂ² cancel aplikasi. gak jelas.,1
dari jam 8 sampe sekarang mesen makanan tapi gak dapet dapet driver sampe restonya tutup. gimana dah ini?,1
terpercaya,5
"susah dapet driver, udah ditungguin 1 jam masi sama aja ga dapet"" driver.",1
"Ini mah saran pak gojek ya, sekiranya kalo ngasi orderan ke driver jangan auto lah pak gojek, biar driver aja tentuin dia mau ambil atau tidak,, sebagai customer ga enak rasanya kalo dapet driver yg kesannya keberatan dapet order tp tetep d ambil karna ga bisa di tolak. kasih lah opsi driver mau ambil atau tidak. sekiranya ga mau ambil ya jgn di kasih auto, nanti rating nya pulak yg jelek. kasih lah sama yg ga keberatan ambil order. sekedar saran pak gojek.",3
terimakasih banyak,5
jarak cuma 4 km tapi ongkir 40k? kikir,1
susah dapat driver padahal makanan uda jadi,1
"Tampilin juga dong rating customer. enak banget driver bisa kasih rating jelek ke customer cuma karena ga ngasih tip, sedangkan cust mau rating jelek sesuai experiencenya takut ngehambat rezeki si driver/didemo, padahal drivernya sendiri yg mutus rezekinya itu.",2
"sebaiknya dalam pengaturan gofood diberi estimasi waktu jangan terlalu lama,, bisa dengan 12 menit kalo ga ada driver bisa dilakukan pembatalan... menurut saya 1 jam dalam mencari driver itu lamaa bangett",1
tolong diperbaiki pelayanannya. klo memang susah cari driver. kasih pilihan batalin di apk gofood. udah nunggu 2 jam an malah sesusah itu. klo dirasa susah jari driver minimal aplikasinya perbaiki .,1
lama bnget dpt drivernya mentang2 hujan pd ga mau?? sampe setengah jam saya nunggu,1
"yang ngambil lama banget, aku pesen makan dari jam 19:30, sampe jam 21:35 masih belom di ambil juga kan ngeselin",1
"dapet notif terlalu banyak cancle, trus akun bakal di nonaktifkan. padahal driver nya yg pada nyuruh cancle. aneh emng. disuruh cancle diem aja, kita yg cancle kena pelanggaran",2
lebih cepat dan aman,5
"makin lama pelanyan nya tidak memuaskan,!!!!",1
saya puas,5
"sekelas perusahan besar setidak nya menyediakan pelayan customer service via telfon yg real orang bukan cuman ai ai tidak menyelesaikan masalah, hanya mengulang"" yg sudah di program keluhan kita tidak terselesaikan hanya dengan ai chat.",3
"kalo perjalanan kurang dari 1km ga pernah dapet driver, bintang 1 buat anda",1
"hi kak kenapa aplikasi gak ada notif atau bunyi ketika ada telpon dari driver padahal semua pengaturan telpon lokasi dering dll saya ijinkan dan saya aktifkan tapi tetap tidak ada notif ketika driver chat atau telpon, gak mungkin dong saya setelah order nengok aplikasi ampek makanan Dateng?",2
"gapernah dapet driver kalau malem, please banget",1
"aku selalu pakai gojek tapi kesel kadang pesen gofood nunggu dapat driver sampe sejam, mau dibatalin juga gak bisa, mau pesen makanan lain juga ntar tiba2 udah nunggu sejam malah dapat driver. keburu emosi makan angin!!!",4
banyak diskonnya,5
ok,5
"saya gabisa login ke akun lama kendala verifikasi wajah,gabisa ganti akun email bila akun email sudah tdk kepakai",1
ok ok ok,5
sistem nya jelek gabisa cancel pesanan yang ga sengaja pdhl hitungan detik aja,1
"sangat buruk, sy susah mendapatkan driver dan sampai resto nya tutup sy tetap tidak bisa membatalkan pesanan nya!! TOLONG FITUR NYA DI UBAH!! SUKA GEDEG SM GOJEK KALAU RESTO NYA UDH TUTUP DAN STATUS NYA MASIH MENCARI DRIVER, TOLONG AGAR ADA FITUR DAPAT DI BATALKAN JIKA STATUS RESTO SDH TUTUP!!!!",1
lama banget cari driver nya,1
ok mantap,5
"ini aplikasi yang sangat buruk, masa denda keterlambatan langsung 50k/ perhari, saya sudah cari kontak CS mau bayar gak bisa karena hp hilang, mau login pakai hp lain jg susah karena butuh OTP, ini APLIKASI SEPERTI RINTENIR NYEKEK CUSTUMER, SESUAI SAMA NAMANYA DOMPET ANAK BANGSA TERNYATA auto UNINSTAL SELAMANYA.",1
muncul mulu,1
good,5
bolehlah,5
"Sudah 60 menit lebih menunggu, tapi driver go food ga dapet2, anak saya keburu sakit perut karena ga makan, kalau memang ga bsa ya tolong segera batalkan thanks",1
Bagus,4
bagus,5
Sangat sulit mendapatkan driver.,1
oke,5
tidak menerima pelanggan!,1
sgt baik,5
"PESANAN MAKANAN GUA UDAH SEJAM NUNGGU MALAH DIBATALIN GEGARA GAK ADA DRIVER, TRUS PAS MESEN ULANG HARGA NYA MALAH NAIK 10K, APLIKASI SEKEM",1
"Selalu lama , lambat , susah nyari driver",1
segala nya jadi serba mudah .makasih,5
menyenangkan,4
"layanan cepat ,nyaman dan murah",5
Ø®ÙŠØ± Ø¬Ø¯Ø§,5
sangat membantu mempermudah,5
luar biasa,5
"gajelas, driver cancel mulu, sistem gajelas",1
"iseng pake gopaylater buat naek gojek ,, makenya cmn 20rb lupabayar telat 1 hari dendanya 50rb .. GILAAA",1
saya akhirnya bisa makan hehehe :v,5
ramah,5
"ini aplikasi GOJEK kenapa dah! Tiap gopey ku ada saldonya, slalu dpt double orderan. kasih abng/Bpk Gojek yg dtg tpi penumpangnya Uda pergi ama driver yg pertama dtg",2
aplikasinu bagus dan pelayanan juga cepat banget,5
mantap,5
mantap aplikasi seniorğŸ‘Œ,5
aplikasi gak jelas.. denda gopaylater aja 50 ribu ada gila2nya kurasa. gak ikhlas aku lahir batin bayar denda itu,1
aplikasi keren,5
penjemputan..driver nyaman TDK bikin bingung customer,5
Lebih praktia untuk segala pembayaran dan lebih cepat transaksi nya,5
upgrade gopay plus yg id pernah terdaftar susah & tidak ada solusi,1
aneh tarif berubah sendiri,1
"selalu kasihan sama driver klo jemput jauh antar deket ga ada argo tambahan.sebagai customer kecewa. pihak gojek tak adil sama driver. keringat driver yg harus nya disejahterakan malah makin dikuras.mang sparepart kendaraan murah. walaupun hujan deras tetep aja ga kasihan aplikasinya driver harus jemput jauh,argo tetep aja murah.",1
"aplikasi yg sdh banyak membantu saya ,, apalagi di gofood banyak diskonnya ,, mau bayar tagihan jdi lebih mudah",5
"Selama ini, masih yang terbaik",5
"asam lambung gue naik setan nungguin makanan, kalo gbs yaudah cancel aja napasi yaelah",2
Diskonnya gede,5
oke,5
"aneh, go send kok nunggu sejam ga dapet dapet driver, mau alasan gada driver di skitar?, orang gua tinggal di Kemayoran Jakpus, driver noh bejibun banyaknya, emang sistem lu yang ngaco aja",1
"Aplikasi yang sangat mulifungsi, berguna mempermudah hidup.",5
Dengan adanya gojek sangat membatu yg notabennya aku yg kemana mana sendiri.. sejauh ini paling baik.. pertahankan yaaa,5
Saya sudah Update tapi mengapa di minta Update lagi ya? Tolong di perbaiki sistemnya. Terimakasih.,4
Aplikasi Tolol,1
Semalem kami balik ke Jakarta dr Kota Klaten naek kereta Abang GoCar jemput saya dgn ramah dan jln dg cepat sampai je rumah.,5
top,5
good...sangat membantu sekali,5
"Selamat sore gojek sya ingin mengadu atas gangguan gopay pinjam saya kenapa tidak bisa di gunakan ya, ada tulisan pengajuan di tolak tidak hilang hilang jadi tidak bisa di gunakan lagi gopay pinjamnya, awal masalahnya waktu itu saya memang ingin mengajukan pinjaman tapi kemudian sya tidak menjadi mengambil pinjaman itu tapi kenapa jdi tidak bisa di gunakan lgi mohon info dan perbaikannya",4
"Aplikasi plg top, plg murah byk promo.",5
"hati"" yg pinjam uang jngn mau pinjam disini .. telat 2harii dc nya kga punya adab .. nagih nya gila"" an bahasa nya kasar ..",1
enaaak... ğŸ‘ğŸ»,5
"enak, mudah, praktis",5
baik,5
drivernya ramah harga bersahabat,5
mantap,5
mudah dan cepat,5
aplikasi nya bagus hanya kenapa fitur batalin gak ada lagi masalah terkadang saya memesan sesuatu makan dari jam jam 1 masa sampe baru jam3 karena fitur batal gak tersedia kalo bisa jika 30 menit tidak ada driver bisa dibatalkan,1
"PARAH SAYA MENUNGGU GO FOOD SAMPAI 3 JAM DARI ESTIMASI YG DI JANJIKAN 4O MENIT EXPRES DIBATALIN SUSAH . SAYA HAPUS APK NYA . PADAHL SAYA SUDAH 1000 LEBIH MEMESAN MENGGUNAKAN GOJEK. KALI INI KECEWA , KITA INGIN MENGJUKAN KELUHAN HANYA BOT SAJA YG DI TAMPILKAN , TIDAK NYAMBUNG",1
ok,5
gw pesen makanan mahalan ongkir nya daripada makanan nya,1
"gojek nya lambat, kurang gercep",1
"akhir2 ini iseng banget ni gojek, kasih notif "" pesananmu sampai dalam 15menit"". padahal gak pesen gofood sama sekali. maaf kasih bintang 1 yang sebelumnya bintang 5.",1
makin susah dapat driver sekarang,2
memudahkan untuk kesana kemari,5
"Sangat Sulit dapat DRIVER sekarang , lambat.",1
"susah dapat driver, dan notifikasi berbeda pada saat membuka aplikasi contohnya di Notifikasi ""driver sedang meluncur ke restoran"" sedangkan saat membukanya belum dapat driver sama sekali",3
"stress, ngasih denda gopay later per bulan 50k. ngga ada otak. sakit hati bgt. nyesel pernah daftar tu barang. make ga seberapa telat sehari doang. emang kapitalis",1
"saya pesan online food, tapi kenapa yaa susah banget dapat drivernyaa? bahkan saya ditolak 5 kali dalam sehari dengan resto yang berbeda, cuman gara-gara susah dapat driver, bayangin udah lama nunggu tapii ga dapat driver sama sekaliii, kecewaa!!",1
demi apa nyari driver nya lama banget mana gabisa di batalin sampe kelaparan gila,1
makin kesini makin jelek,1
Aplikasi Sangat membantu dan bermanpaat.,5
tingkatkan terus pelayanan,5
top,5
kenapa skrg gak bisa masukkan nominal yg diinginkan saat kasih tip ke driver? dan tip dari aplikasi hanya bisa dilakukan melalui gopay tidak bisa dari metode pembayaran lainnya sama seperti metode pembayaran ke toko. Padahal saya gak sering top up gopay dan seringnya memakai metode pembayaran kartu debit.,4
"sangat bagus, sampai tepat waktu",5
terbantukan,5
sangat memuaskan,5
"Makin payah, vocer hanya bisa terpasang satu. NOTIF LAMBAT, JIKA PESANAN TIDAK TERSEDIA HARUSNYA SEBELUM RESTO TERIMA ORDER SUDAH HARUS KONFIRMASI !",1
prioritas kok ada dua pengiriman?,1
"sangat baik, sopirnya jujur , laptop ketinggalan dimobil, diantar kembali",5
"ada driver grab yang bernama NANA MULYANA mobil Toyota Calya| B1047COT , SANGAT SANGAT TIDAK RAMAH TERHADAP PENUMPANG, TIDAK SOPAN, MARAH MARAH SAMA PENUMPANG, SAMPAI NGATAIN PENUMPANG TIDAK ADA ADAB, TOLONG GOJEK DI TINDAK LANJUTIN JANGAN BIARKAN DRIVER SEPERTI INI DI BIARKAN SAJA, SAYA SANGAT KECEWA TERHADAP PELAYANAN NYA ATTITUDE NYA NOL BANGETT SANGAT JELEKKğŸ‘ğŸ‘ğŸ‘ğŸ‘ğŸ‘ğŸ‘ğŸ‘ğŸ‘ğŸ‘ğŸ‘ğŸ‘ğŸ‘ğŸ‘ğŸ‘ğŸ‘ğŸ‘ğŸ‘ğŸ‘ğŸ‘ğŸ‘ kalo dapet driver ini cancel aja guys, dia sangat tidak ramah, pelayanan nya nol bangetğŸ‘ğŸ‘",1
"sangat membantu, dgn tingkat akurasi alamat penjemputan dan tujuan yg ckp akurat. Serta layanan yg mantap, ğŸ˜ŠğŸ‘ğŸ‘",5
Mantap....,5
good,5
oke banget aktivitas saya terbantu saat darurat,5
aplikasi nya gojek sangat bagus dan praktis,5
senang selama ini hidup gw ditemani gojek,5
"Akun di blokir dari pihak Gopay, saat ingin payment tidak bisa karena semua dompet di blok tapi denda keterlambatan tetap bayar..",1
lebih menyenangkan perjalanan pakai gojek,5
sangat memuaskan,5
sangat recommended banget untuk keluarga dan teman teman semua,5
"APLIKASI DUNGU!!!! GARA2 ADA MUTASI AKUN, MALAH AKUN2 LOKAL YG PD ANYEP!!!",1
"dulu aku pernah rating jelek, skg gojek sudah baguss banyak promo lagi terima kasih gojek",5
good job,5
mudah dan gampang di aksesnya.,5
Pelayanan yang mengecewakan hari ini,1
profesional,5
efisien,5
maksih gojek semoga sukses selalu aamiin,5
sangat baik,5
"parahh dendanya gede banget,telat 1 hari dendanya 50rbu gblk",1
"sangat menyebalkan, drivernya pilih-pilih pekerjaan, saya masih didalam kota dia tidak mau terima karena biaya cuma 25rb dan katanya saya terlalu jauh. saya di kota palopo",1
simple,5
driver2 kalian yg gk niat kerja tu di blok aja,1
bagus dan nyaman,5
"Aplikasi sudah bagus tapi map-nya masih sedikit bermasalah dan tidak sesuai dengan titik antar, walau gak terlalu jauh dari titik tapi agak mengganggu, harap diperbaiki",2
ga bakalan pakai gojek lagi !!!,1
ok,5
bagus ğŸ‘ğŸ» kita engga keluar rumah lagi buat beli apa-apa,5
"ko sekarang ga bisa ter singkron sama share lokasi dari WA, biasa nya kalau saya mau ke tujuan dan alamat nya dapat dari share lokasi di situ muncul logo gojek. tapi sekarang ga ada, jadi harus tulis manual",5
sangat bagus,5
rata-rata baik dan ramah,5
Update versi 5.45.1 Semoga lancar jaya tdk banyak Bug,5
profesional dan ramah,5
aplikasi tidak buruk,5
"Makanan Sudah disiapin Resto, Sedang mencari Driver mulu, keburumati kelaparan nungguinnya. perbaiki sistemnya!",1
kemudahan dalam transportasi,5
sangat membantu untuk keperluan sehari hari,5
"aplikasi aneh, udah 5 kali pesan selalu ga dapat driver",1
mantap bantuan direspon sgt cepat,5
"kalo ada kendala lama cari driver, customer suruh nunggu 30 menit aja ga perlu smpe 1 jam!!!!!!!!!!!! mana batalin jg harus nunggu 1 jam!!!! 1 jam nunggu cari driver doang blm nunggu masak & otwnya!",1
Puas dengan pelayanan gojek. Semoga semakin sukses dan Memberikan pelayanan optimal ke Konsumen,5
lama sekali menemukan driverr,1
susah amat sekarang dapet driver nya,1
lama sekali menunggu,1
saya memesan gocar pas mau sampai di titik jemput hp saya jatuh dan mati saya tidak menemukan dimna driver nya saya kira bakal di Cansel Ter nyata driver malah mengambil keputusan perjalanan sudah selesai dan saldo saya Ter potong tanpa mengantar saya ke tempat tujuan,1
"kebijakan nya tolong diperhatikan kembali, saya sudah memesan pesanan makanan selama 1 jam tidak kunjung mendapat driver tapi juga tidak bisa dicancel???? SARAN: sebaiknya makanan jangan dibuat terlebih dahulu sebelum mendapatkan driver!!!!",2
"sudah seharian saya pesan gofood, resto sudah konfirmasi pesanan, saya juga sudah nunggu lama, tapi tiba-tiba dicancel sepihak sama aplikasi. siangnya saya coba order lagi dan terjadi lagi. ini sudah malam dan masih seperti itu???",1
mantap,5
dua kali pesan nunggu 50 menit dua dua nya gak ada yang sampai . menunggu 50 menit +50 menit hanya untuk di batalkan,1
"tolong perbaiki kao emng resto udh tutup tapi driver belum dapet"" ,tolong kasi sistem otomatis batal jadi gausah lama nunggu"" buat sampe dijam tertentu untuk batalin sendiri!!!",2
"masa harus nunggu satu jam pesenan gofood nya baru bisa dibatalin, mana nunggu driver ga dapet dapet.. harus nya gaperlu sampe satu jam, kalo memang disekitar gk ada driver munculin lah opsi batal",3
"dah mulai ga jelas ni aplikasi, mesan gofood di suruh tungguin 1 jam paling lambat akan dapat voucher, sesudah 1 jam langsung di batalin sama pihak gofood tanpa dapat voucher, kan otak nya taruh di dengkul, ngasih bintang 5 biar keliatan aja nih komen sialan",5
"Semakin lama saya semakin jarang pake gojek. Untuk layanan gofood, saya akui itu layanan yg paling memuaskan di gojek. Paling tidak memuaskan itu layanan gocar. Sering bgt susah dpt driver, apalagi srg minta cancel duluan. Untuk tampilan aplikasinya bagus, gmpg dipakai dan dimengerti. Uda pakai sejak lama dan blm ada kesusahan pengoperasian.",4
"Apk anehh ada rute yang lebih deket malah milih rute yang lebih jauh otomatis biaya jadi lebih tinggi hadehh, sama jangan dipisah donkk apk gopay sama gojek ngeribetin aja jadiin satu apk aja biar user experiencenya enak pelanggan juga jadi bisa ngakses banyak fitur di satu apk aja",1
good,5
"aplikasi apaan, driver meminta cancel pesanan gofood saya alasan resto sdh tutup, pihak resto mengkonfirmasi juga meminta cancel pesanan alasan resto berada di luar kota, saya dan driver sdh hubungi cs tpi tidak ada solusi pembatalan dengan alasan resto sdh menyiapkan pesanan.",1
lama cot,1
"lg coba2, sekalinya pesen makanan, gagal ggara ga ada ojolnya... ğŸ‘ğŸ‘ğŸ‘ğŸ‘ğŸ‘",1
"Kalau terlambat dikasih kompensasi berupa voucher diskon, sedangkan terlambat + dibatalin ga cuma dikasih harapan palsu. udah dua kali dibatalin padahal nunggu lebih dari sejam karena driver tidak ditemukan, tetap aja ga di kasih apa apa. semoga perlakuan kalian diberi ganjaran",1
kenapa sekarang jarang2 banget dapet promo goride gofoodğŸ˜­ğŸ˜¢,1
"sip, msh bisa jalan di hp ane walaupun lawas",4
gooodd,5
Ok,5
gampang digunakan,5
"paling benci di menu gofood kalo semisalnya kalian gaada driver buat ambil pesanan jangan maksa kami customer buat nunggu sampe Berjam jam, tolong hargai waktu kami lah kalo kalian gak sanggup memberikan driver lebih cepat jangan halangi kami buat batalkan pesanan yang Uda lebih dari 20menit",1
lebih hemat,5
sudh gk d ragukan lagi gocar'y.sukses trus utk param mitra'y.amiiinnnnn,5
apk sgt membantu cepat dan pelayan baik,5
Kenapa Sekarang susah pesan Gosend,1
"lama bet dapat driver nya , ketika sudah dapat malah di cancel oleh driver nya",1
masak mau login harus nunggu 30 jam,2
penemuan driver lama,4
bagus,5
"makin kesini makin berkurang pelayanan nya,, sekarang gofood proses antar nya lama bgt nunggu nya,, kalo dulu sbentar lgsng dpt driver, lgsung cpt sampai,",1
Sangat membantu,5
mantap,5
"apaan nih aplikasi makin ke sini makin ga jelas,, order dr jam brpa sampe jam segini driver pda ga ada mau ambil orderan pihak aplikatornya jga sadis kita bayar berpa ke aplikasi yg driver dpet argonya brpa,, tolong d benerin lg management nya gojek",1
"maaf, layanan tidak jelas, terlalu lambat, maksudnya butuh 3 hari buat nunggu tuh gmn ya? no telp juga susah ditemuin, pas ketemu, mau langsung nelp ke costumer service aja susah, gk langsung di sambungin ke org di sana, jangan bilang mau mengurangi tenaga kerja ya, ini termasuk perusahaan besar loh.",1
aplikasi gojek kalau pesan makan d gofood nya kok lama kali y skrg harus tunggu 1 jam padahal pakai mode cepat kesal kali,1
"Gajelas banget skarang ni aplikasi, mesen makanan dh nunggu 58 menit, dicancel gitu aja dri aplikasi, gk mikir apa orang dh lapar nunggu!!!!!",1
"mohon lah beri kejelasan, kenapa saya Nambung emas di aplikasi gojek di goinvestasi yang awalnya emas saya 1,8gram dan pas tanggal 1 Desember 2025 emas saya berkurang menjadi 1,79gram dan saya cek transaksi nya jual emas padahal saya nggak ada jual emas sama sekali namun status transaksi undefined dan saya kira cuma sekali itu saja, tapi terjadi lagi untuk keduanya kalinya di tanggal 1 Januari 2026 emas saya berkurang menjadi 1,78gram dan transaksi nya sama jual emas namun statusnya uderfined",1
alhamdulilah nemu driver yg baik2.Terima kasih gojek mengantar saya dengan selamat di tahun 2025. Tetap setia pakai gojek ditahun 2026.,5
"Jadi ngak respek sm Gojek,, chat CS malah boot yg jawab. taeelah...Males pake lagi",1
Keren ğŸ‘ğŸ»ğŸ‘ğŸ»,5
banyak derama lama lagi kata cepet kurang sih,1
oke,5
Sistem Pencarian Drivernya Bobrok Sekali,1
"terlalu lama mencarikan driver untuk gofood, sehingga menghabis2kan waktu karena tidak bisa dibatalkan sangking lamanya",1
akses transportasi jadi mudah,5
knp mau login harus scan muka.. tetapi ktika sudah scan malah tidak bisa. tidak jelas!,1
mantap,5
"kalau sulit dapat driver, seharus nya jangan kasi waktu nunggu 1 jam lah, jadi kalau gak dapat bisa batalin coba pesan yg lain, sistem begini habisin waktu jam makan saja karna ujung2 nya zonk gak dapat apa2",3
susah banget dapat driver bikin orang kesel aja,1
pengiriman e sip,5
"sudah berapa kali saya mesan gofood atau gojeknya, alamat rumah udh bener tapi malah dari servernya ngasih patokan jauh dari rumah, bisa lebih dari 100 m lagi",2
"Pesanan gofood dengan aplikasi terlama dibandingkan yg lainnya...pesan makanan selalu nunggi 2 jam bru dpt driver, itupun blm tentu dapat. harga jg mahal...aplikasi terburuk yg pnh ada.",1
aplikasi gak berguna,1
kenapa gak bisa cancel order gofood? padahal kalian lama banget kasih driver. ini gak guna lagi saya pesen gofood udah beli sendiri. bobrok bgt,1
ok,5
good job,5
"ini tibaÂ² ga bisa akses foto dr galeri ya? cm bisa akses kamera doang sebeell, masa tiap mau kirim foto rumah harus fotoin dulu ke depan rumah!!! apaan sih nihh ayolaahh lebih canggih lagii",2
"kalau bisa sih ketika ada pesanan yg susah dpt driver,mnding auto cancel aja min",4
ini kenapa cari driver susah banget sih? Udah pesan express masih aja telat,1
"dulu suka banget pakai gojek , apalagi ada paylater meski hanya dpt nominal kecil 300 rb, eh stlh disuruh upgrade, sampai skrg selalu ditolak klo mengajukan paylater, jd maaf sy ubah penilaian sy ttg gojek ğŸ™ğŸ™ğŸ™ yg semula bintang 5 skrg sy ubah jd bintang 1",1
baik,5
ğŸ‘ğŸ«°,5
UI nya skrg jelek banget..biaya mahal skrg,1
driver ga ada yg ngambil pesanan samsek,1
"pesan gofood, udah nunggu lama, sering benar di cancel sepihak",1
bagus tepat waktu,5
oke,5
sangat buruk buat ordr makanan nggu lama satu jam ujung2 ngm dapat driver. seblmnya d cancel susah harus nggu berjam jam baru bisa d cancel perut kelaparan pun ngk juga datang. begitupun ganti restoran sama gitu juga.... ğŸ˜¡,2
"perbanyak lagi driver lu, masa nunggu sejam baru dapat driver goride",2
Hidup di buat mudah dengan aplikasi gojek,5
aplikasi bermanfaat sangat membantu,5
mesan gofood kagak ada drivernya nunggu mau batalin lama parah,1
Top Markotop,5
"kenapaaaaa pas perpanjang gojek plus tidak ada notifikasi sihhh?????,jadi uang saya ke pake, padahal saya jarang menggunakan gojek pluss, g bisa di kembaliiinnnnn lagi uang nyağŸ˜¡. SANGAT KECEWA",1
Solusi bepergian di saat macet,5
alhmdulillah bagus...,5
lumayan,3
bagus,5
"tolong Banget cari driver nya itu loh lama banget, aku bisa maklumin kalau hujan tapi ini gk hujan sama sekali dia stuck di situ situ aja ampe penyakit kambuh juga gk bakal datang",2
bagus si.......... cuman ada yg kurang hehee,5
baguss,5
biaya penanganannya lebih mahal daripada ongkir. gila sih. cukup sekian deh. ganti ke apk sebelah lebih murah. gojek (gofood) dh ga ngotak biaya nya,1
keren,5
aplikasii selaluu terjadii gangguann,1
"harus nunggu 10enit baru dapat driver,, dan di surub nambah ongskus lgi biar cepat dpt driver. jelek.mending pakai aplikaai kuning",1
good banget,5
"sya kasih rate satu krna sngat2 mengenaskan bagi para drivernya,,,,,TOLONG pihak perusahaan untuk menegur dengan etis kpd para DRIVER YG berada didaerah jatim terutama Surabaya dan Gresik!! untuk berprilaku sopan santun serta etika kpd konsumen, saya Dua kli digresik naik GOCAR mndpati driver yg marah2 tidak sopan hanya hal yg spele yg skrirnya itu mnjdi prioritas konsumen tapi malah marah2 gjelas!? kdua digresik juga ini sya mndpari driver yg tidaK sabaran, bda dgan INDRIVE DAN MAXIM JGN MNTNG2",1
okay,5
sumpah sakit hati banget 2 kali order 2 jam gw nunggu pesanan makanan gw gak Dateng Dateng tulisan nya sedang mencari driver trus tiba tiba pesan di batalkan fix gw gak bakal rekomendasikan gojek ke temen temen gw sorry - gini ya lu punya apk gak mau di cancel dadakan makanya kasih waktu ke Cust 50-60menit menunggu - sedangkan Cust sudah nunggu lama berharap setelah 50-60menit bisa langsung makan tiba tiba lu cancel MANUSIA MANA YG GAK SAKIT HATI MANA KONDISI UDAH LAPER NUNGGU LAMA TRUS LU CCEL,1
driver ramah...berkendara dengan baik...hanya untuk wilayah cangkringan Sleman kurang jangkauan,5
sesuai keperluan...,5
ngebantu banget,5
ok,5
"masih ada aja driver yang malakÂ² penumpang, sengaja minta saya cancel orderan pas ditengah perjalanan yang tadinya seharusnya bayar pakai promo 27.500 jdi bayar 40.000",1
gooood,5
aplikasi terbaik dari yang terbaikğŸ¤“ğŸ‘ğŸ½,5
sangat baik,5
Alhamdulillah beruntung bngt pke aplikasi gojekğŸ¤²ğŸ¥°ğŸ«¶ğŸ¤—ğŸ™,5
"jelek, nunggu lama",1
Mantappp,5
maksii suda membantu kamiiğŸ™,5
baguss,5
good,5
jos,5
"sorry ya deh drivernya pada minim attitude banget, apalagi driver gocarnya, padahal kita bayar loh",2
"jingan gua mesen gofood ,driver udh info resto tutup ,masih gabis di cancel kasihan driver nya gblk",1
ok,4
pelayanan sangat baik,5
aplikasi gojek sangat membantu,5
"bagus,,puas",5
sangat memuaskan layanan gojek,5
good job,5
Wow,5
"pengalaman yang sangat menjengkelkan, lagi laper banget udah nungguin sejam lebih malah di cancel karna gak dapet driver harusnya gojek lebih ketat lagi penerimaan mitranya, sok banget pada cancel semua",1
mantulll,5
BAGUS SI,5
cari driver lama banget sampe nunggu satu jam gua,1
ok,5
aku mau unstal aja gojek nya gak ada yang mau gerak,1
untuk di pulau jawa trbantu bgtt tpi buat kita yg di pulau timur tuh ckup susah yah bahkan nunggu makanan dan driver bisa smpe 4 jm sendiri semoga bisa di tingkatkan lagi yah baik dari kualitas pengiriman dan driver,3
ga bisa di gunakan,1
oke sangat bangus,5
"Tolong di evaluasi lgi ongkir gofood nya buat driver..jgn kasih driver ongkir 5000 ğŸ˜‡ sy pesen gofood sering di cancel driver,karena ongkir murah..pelayanan gojek makin RUSAK KLO BEGINI !! HARGAI LAH ASET KALIAN,JGN CARI UNTUNG TERLALU BESAR.",1
"aplikasi gaje cuma mau login aja susah nya minta ampun, masukin otp sudah bener salah Mulu, ketika ganti otp malah di suruh nunggu 60 menit, kacau dah",1
"NYARI DRIVER SUSAHNYA MINTA AMPUN PADA GAMAU DAPET ORDERAN DRIVERNYA KEBANYAKAN MILIH"" TARIF, PADAHAL TARIF YG NENTUIN APLIKASI!!!",1
"kenapa gojek sekarang susah banget nyari driver? mana nunggu cancel nya lama banget, udah make express tetep aja gapernah dpt driver, bukan 1/2 x aja kaya gini, tolong ya pihak gojek",1
sngat bagus,5
bagus sekali,5
mantul,5
terima kasih gojek,5
ssiipp,5
jelek,1
bagusss,5
"Minta tolong perbaiki, dikarenakan telpon driver pertama nyangkut di driver ke 2, jadi di aplikasi telpon gojek saling bertabrakan dan membuat binggung driver ke 2.",1
Ok,5
"Bagus, berguna di saat tepat",5
bagus,5
ok lah,4
sangat membantu ğŸ‘,5
jago dlm transportasi,5
Memudahkan,5
mantaffff bedulll,5
semoga tahun 2026 gojek berjaya,5
adanya fasum online memudahkan saya untuk bepergian,5
melayani dgn baik dan mudah,5
"Penanganan akan case masalah pengiriman tidak baik, respon customer care lamban hampir 20 menit saya menunggu di chat room namun tidak ada tanggapan & solusi yang solutif. Buruk sekali tidak ada komunikasi sampai mana penanganan casenya, estimasi penangannya berapa lama tidak diinformasikan dan mengabaikan chat pelaporan customer. setidaknya diinformasikan atau setidaknya balas jika memang masih membutuhkan waktu untuk pengecekan atau membutuhkan waktu untuk konfirmasi kepada driver terkait.",1
ok banget,4
orderan gofood nya boleh deh di cantumin outlet yang berlabel halal,5
bagus,5
ok bg selalu ramah sama konsumen smangat,5
mantap,5
sangat evesions,5
APK go jek membantu memperlancar aktivitas kami.,5
naik gojek ....aman dan tepat waktu,5
Bagus,5
Nice bgt pokoknya,5
sangat baik,5
ok,5
haduhh..tolong perbaiki versi ini deh. cuma mau review tarif n lokasi malah hampir booking untung bisa segera ku cancel..yg versi lama lebih enak..yg ini bikin bingung,1
Mantaap Good,5
senang,5
tidak bisa berkata apa-apa pokoknya aplikasinya luar biasa gojek menyala bossku,5
"akun saya di blokir , padahal mau order gojek , ga jelas banget ni apk",1
"payah bgt dah saya dulu driver di gojek, dan pakai aplikasi gojek sudah lama, tapi sampai sekarang saya tidak mendapatkan yang nama nya gopaylater dan gopaypinjam",1
ok,5
ğŸ‘ğŸ¿ğŸ‘ğŸ¿ğŸ‘ğŸ¿,5
oke,5
cepat.banyak promo,5
"kenapa ya skg cari driver food susah area semarang.udah sering banget seperti ini. kualitas gofood gak seperti dulu. dulu hujan badai driver ambil,sekarang boro2.bahkan pihak resto harus nunggu berjam2 akhirnya gak ada kepastian.",1
"Tolong dihapus aja gofoodnya, nunggu cari driver ko sampe 1 jam, tolonglah agak dikaji kembali waktu maksimal pencarian drivernya.",1
"perbaiki sistem pencarian drivernya, masa udah dapet driver dia bisa cancel dan sekarang user harus nunggu sejam baru bisa nganter orderan. buat agar driver bisa mengecek orderan sebelum mengambil orderannya, jadinya adil driver bisa ngecek orderan sblm di ambil dan user jadi g perlu nunggu lama utk cari driver yg baru",1
membantu sekali,5
"Gila ga ngotak banget, pulang kerja yg biasanya ongkos 20ribu doang, mendadak di getok jadi 105k sama aplikasinya padahal waktu di cek 20k, setelah isi gopay ke refresh sendiri harga berubah drastis ga masuk akal, kecewa berat, gajelassssss !!!!",1
"ngga bisa login krn lupa pin. mau reset pin jg ngga bisa karena servernya error, dan ini jg udh lama erornya, ada sebluanan. fix your goddamn server. * still didn't help with anything. how bout you guys fix your server or something? that might help",2
jelek banget driver gofoodnya udah 3 jam Gonta ganti resto ga ada yang mau ambil juga,1
"Mohon agar Gojek menambahkan fitur pembayaran via aplikasi Dana, supaya pilihan metode pembayaran lebih beragam, terimakasih.",5
oke pokonya,5
good,5
gojek ğŸ‘,5
"mengecewakan, lokasi sering gak tepat.",1
apk ga jelas uda tau driver lama dpt nya disuruh nunggu spa setengah jam lebh. di cancel g bsa. memalukan sekali. kasihan driver nya nanti disalahkan. klo memang g ada driver jgn di aktifkan apk nya. bodo,1
"saya naik goride setiap minggu sudah 3 bulan, harga nya 12k, tibaÂ² harga nya jadi 15k",1
mantul,5
lama ga pake aplikasi ini buat perjalanan biasanya cuma buat transaksi doang,5
sangat kecewa di saat perlu dan mendadak orderan lama banget..,1
good,5
"gimana mau nyaman, sistem kalian semakin kesini semakin amburadul.driver selalu jemput jauh,argo gofood pelanggan bayar mahal driver trima 5-6rb hapus lah penjajahan era digital.jangan kaya caleg iming2 kesejahteraan tapi kalian merampas hak upah layak tuk driver",1
"miris layanan, tambah lama tambah ga karu karuan",1
luarbiasa gocar mantap,5
Lumayan membantu,5
"Sok-sokan pasang tarif pengiriman termahal dari aplikasi ojol lain. Tapi nyatanya Gojek tetap tidak bisa memastikan dapet driver di setiap pesanan. Selain itu, batas waktu untuk bisa cancel juga kelamaan, keburu restonya tutup. Tolong komentar saya ini bisa jadi bahan perbaikan",1
gile gofood nya lama bener hampir 1 jam,2
ğŸ¤,5
tolong sistem auto accept pesanan gofood itu di hilangin aja. ini pesanan saya di Terima padahal resto udh tutup gabisa dibatalin harus tunggu 1 jam. perbaiki lagi,3
lelet,3
"selama ini selalu nyaman pakai gojek, lebih murah jg ğŸ˜Š",5
mantap,5
sangat membantu disaat jam mepet,5
"baru kali ini mesen gojek sudah dapat driver tertulis 7menit tiba namun sampai sejam lebih saya menunggu tak kunjung tiba alasan macet, 20-30 menit oke GPP tapi sampai sejam lebih pdhl dan saya pakai apps lain di jalur driver gojek tidak macet aneh, bikin rugi waktu...",1
gojek tolong map nya di benerin karna sering gosend salah titik kasian drivernya,2
aplikasi nya mengecewakan,1
aplkis gbk jrak 2 mter aja kena 50rb kondisi hujan tp ya jngn kek lintah darat,1
pengalaman saya order makanan terlalu mahal semua nya di restonya jadi pemakaian aplikasi gojek sepi para pelanggan pengguna ojek makanan,1
tolong dipermudah dipercepat proses perbaikan gopay,5
"applikasi ok,driver ok",5
"rating saya begini karna sehabis update ongkirnya terlalu besar untuk gofood, dan saya langganan 3 bulan di gojek+ cuma dapet vocher 10rb buat ongkir gofood padahal ongkir di gofood sampai 20rb lebih dan sekarang di gofood tidak bisa memilih pengiriman express, reguler, dan hemat, harga ongkor terlalu memberatkan saya, semoga bisa di kembalikan fitur opsi pengiriman",3
mls ga dikasi promo.,1
SULIT NYARI DRIVER,1
sangat membantu mesan makan yg lagi mager hehe,5
pelayanannya jelek banget asli iyuh dah bener' apk dongo,1
nunggu driver untuk go food bisa 2 jam makin parah gojek,1
"BELI MAKAN JAM SEMBILAN SAMPE JAM 12 APAKAH GAK MATI NUNGGU 3 JAM PADAHAL YANG JUAL MAKAN CUMA 900 METER,",1
"aplikasi tolol, dibatalin tiba2 udh nunggu lama, mana cuma minta maaf doang! 3x dicancel dengan waktu tunggu. kenapa g dibikin langsung eror klo memang lg g bisa? bener2 bikin kesel!",1
aplikasi tidak berguna susah nyari driver di keadaan mendesak,1
"gk jelas nih, dapet drivernya jauh mulu",1
custemer di rating??bayangin aja beli di indomaret lu di tolak karena mungkin gak ramah?siapa yang jualan jasaa??toong ya gk banget,1
pesen ga datang2 ujungnya suruh batalin,1
oke,5
TOLONG TAMBAHKAN DI APLIKASI UNTUK BLOK DRIVER,5
"Aplikasi tolol. dibandingkan dengan grab dan maxim gojek jauh di bawah. sudah mahal, susah bener dapat driver. pada kondisi yang sama grab dan maxim bisa langsung dapat. aplikasi anak bangsa apanya, malah macam sampah.",1
"Pesan gofood tidak bisa dibatalkan karena status tidak jelas, walau sudah nunggu 1 jam dan chat ke CS responnya sangat sangat kurang",1
"gojek di purwakarta butut, susah dapet driver",1
"Gojek sekarang aneh, tiap order makanan dapet driver lama banget sampe 1 jam lebih. ga langsung di cancel sama resto. sekali nya dapet Driver di cancel sama driver nya. harusnya Gojek kasih peringatan ke driver biar jangan cancel orderan. rejeki ko di tolak. tapi ngeluh SEPI, buktinya driver suka cancel CUSTOMER.",3
double order tambah lama nunggunya bagi Customer,1
"Mengecewakan, driver cancel terus karena pilih2 pelanggan dan lokasi tujuan.",1
sipp bngt,5
okay bagus,5
kelamaan,3
TERBAIK!,5
"MEMALUKAN, ujan sudah berenti dari jam 4 sore, jalan ga macet, masih jam 7 malem susahnya nyari driver dpt driver 10menit gak gerak, dichat dibaca doang, jarak driver ke lokasi jemput cuma 1.5km driver chat bilang jauh banget jemputnya lemah sekali driver anda dikasih duit kagak mau padahal udh dichat bakal saya kasih tips akhirnya pesen maxim ga nyampe 2 menit udh sampe dan semangat berangkat, beda sama gojek merasa sudah terkenal namanya tp pelayanan 0besar dan sistemnya buruk",1
saya harap lebih banyak lagi promo gojek untuk goride,5
Kurang baik aplikasinya. Ada kendala dalam mencari driver. Saya menunggu selama 75 menit dan mau berangkat ibadah setelah nya tapi saat waktu sudah tiba drivernya malah sibuk katanya disuruh order lagi. Mohon dibenarkan lagi ya untuk drivernya. Saya nunggu lama nih malahan. Untuk saat ini saya kasih bintang 1 dulu karena masih banyak kendala hingga kadang salah alamat. Terimakasih.,1
selalu pilihan masyarakat,5
sukses selalu buat gojek,5
"kasih saran aja deh ,klu bisa dalam pemesanan Makanan atau minuman ,bisa ggk yah ongkir nya jangan mahal2 ,sering2 kasih diskon ,tapi jangan yg khusus gopay klu bisa yg bayar tunai jg ğŸ‘",5
"banyak driver tolol, nerima orderan tapi ditungguin gak jalan jalan",1
parah telat terus kalau beli go food,1
"sekarang nyari driver susah banget, padahal banyak di sekitar tapi gak ada yg mau pick up",1
kenapa musim hujan begini malam tahun baru susah sekali pesan gocek udh 5x saya batalkan karena menunggu terlalu lama pasti bukan karena ga butuh uang,1
top,5
saya selalu pake gocar tdk ada aplikasi lain. tapi hari ini sy kecewa hrs batalin 3 kali saat hujan driver susah banget. dan hampir semua kota,3
"sebenarnya aplikasi nya ini sangat bagus, cuma untuk pelayanan pengemudinya kurang bagus layanannya kadang-kadang ada yang malas kadang-kadang ada yang ngak, mohon diperbaiki lagi sebagai Pengemudi yang baik, makin maju dan jangan malas",3
mantap,5
mantap dahhhh,5
semoga selalu jaya,5
LAMBATTTT SUSAH DAPETIN DRIVER NYA,2
"ga dapat driver, pesan lagi malah naik harga nya ngerampas ini aplikasi",1
ok,5
good tranportasion,5
"lakkai gojek, nyaman aman,",5
trimkasih sngat2 membantu..,5
"kecewa pelayanan driver hari ini! bilang lokasi jemput jauh dan malah suruh liat maps, pdhl sya tau lokasi driver ke lokasi sya ga terlalu jauh dan jalanan pun hanya tinggal lurus bhkan ga macet dan gaada lampu merah. paling sebel pas dia nyuruh baca maps ke saya pake emot ""ğŸ˜…"" itu sih ga sopan menurut syaa. nolak cust caranya aneh .. gamau jadi driver mah gausah daftar. mending tidur aja dirumah ğŸ˜Œ",1
"DRIVER LU PADA LEMOT , BANYAK YANG CANCEL DAN GA AMBIL ORDERAN",1
Yaman amanah ramah,5
"suka salah kasih map, harga juga suka naik sampai 200%",1
koneksi ke jaringan lama dan lemot padahal lagi mau diuse nyaa buru buru.....,1
aplikasi ga becus pesen driver ga dapet dapet padahal udh pake harga yg paling mahal,1
"diperhatiin lah driver""nya, sering bngt dpt driver muda yg cabul, apaancoba, ngegoda"" trs nnti blg byarnya dkit apalah",1
oke,5
sangat membantu,5
"kebangetan sop nya. udah verifikasi wajah berkali2 tetep gagal login, mau jd pelanggan gojek lagi, malah geser mulu ke grab gara2 system ini. payah. jd kesel, jd 4thn lebih gk pake gojek, 31 des 2025 mau login, masih gagal2 juga. kacau kacau.",1
"proses pencarian driver sangat lama, padahal saya pesan go food dari daerah yg banyak driver mangkal. sebelumnya tidak seperti ini, semenjak kemunculan MJD baru seperti ini. tolong lah masa perusahaan sebesar gojek gabisa ngoptimalin aplikasi nya sendiri",1
lambat...,1
ok bangat,5
good,5
ramah ğŸ—¿,5
sering delay dan sulit dapat pengemudi,2
ok,5
pendapatku bagus,5
"aplikasi gak guna, cs nya gak guna sama sekali, buruk dalam semua hal5t",1
"setiap pesen di gojek selalu dapat driver yang baik, tingkatkan lagi kualitas nya",5
mantap baru pake kedua kalinya,4
mantap,5
"sangat membantu saat membutuh kan kendaraan,, sukses buat gojek",5
"aplikasi membatalkan orderan tiba-tiba karena driver keluar dari jalur peta penjemputan karena mengantar penumpang lainnya sementara driver menerima orderan baru lagi, lalu saya pesan gocar lainnya dan pergi tapi driver yang pertama tetap datang ketitik penjemputan dan uang tetap dipotong langsung sama aplikasi .. lalu kenapa dia masih melakukan klaim sepihak sementara dia tidak mengantar saya.. ???",1
cocok aplikasi ini sangat bagus dan baik,4
saya ngulang pesanan tapi ga lgsg kebatalin sm pihak gojeknya alhasil pesanan saya double,2
Fery good..,5
Kali ini aku benar - benar mendapatkan diskon lumayan banyak setelah aku instal kembali. Dulu saya pernah download tetapi diskon hanya sedikit jadinya uninstall.,5
Ok n lancarğŸ’•ğŸ’•ğŸ’•ğŸ’•ğŸ¥°ğŸ¥°ğŸ¥°ğŸ¥°ğŸ¥°ğŸ¥° Alhamdulillah...Gojek.....lancar,5
Keren,5
anjay bagus,5
oke,5
Murah dan Supirnya sangat membantu,5
aplikasi lancar jaya,5
Banyak Promo,5
aplikasi ampas susah buat hubungin cs live nya,1
aplikasi yang sangat membantu,5
ğŸ‘,5
bagus ğŸ‘,4
aplikasi sadap data,1
"di kolom pencarian kok gangguan melulu yah... saya mau mesen makanan pas di cari "" maaf lagi gangguan"". kalau di menu gofoodnya masih bisa di klik dan tidak gangguan, tapi mahalÂ² tampilannya aja yang -50% discount tapi gak sesuai fakta dan kurang banyak menunya!!!! tolong diperbaiki kolom pencariannya, jangan gangguan melulu !!!!",3
"nyusahin, mo log in pake harus vermuk segala, mana gagal terus ,",1
bagus,5
sangat membantu kegiatan sehari-hari,5
driver gocar banyak pilih.. mau nya ambil Cust. Tanpa bawa barang.. pelayanan nya sangat buruk.. minta uang tambahan kalo ada Cust. yang bawa barang.,5
byk promo makin seneng blanjanya,5
kemana mana jadi mudah,5
serba mudah,5
"pesen gocar malah di cancel sama drivernya, klu ga niat kerja jgn kerja bro. tidur di rumah sana",1
sip mantul,5
"demi apapun, aplikasi nya kayaknya harus di perbaiki ke depan nya, langganan gojek karena murah buat anter RS mama seminggu dua kali buat cuci darah, setiap dapet driver, driver gk respon wajar sekali kita cancel dong karena mau ke RS, eh gara2 kita banyak cancel karena driver yg gk respon kok akun aku sering nya di banned, lah konsep nya gmn kita yg dirugikan, kita pula yg kena akun nya, terakhir ini di banned udh lapor tetep aja masih GK bisa, percuma ngetik capek2 compalin, gk ditindak lanjut",1
"aplikasinya sangat membantu, bahkan tengah malam pun para driver masih ada yang bekerja, semoga diberikan rezeki para driver nya, cuman kekurangannya driver kalau pas ujan susah sekali bahkan yang driver mobil.",4
"Yang butuh Kendaraan cepat, akurat & terpercaya. MANTAAAPPP.",3
bagus. terbantu sekali,5
Welldone. Harga ga masalah. yg penting sampai tujuan dg selamat. driver komunikatif. oke lah,5
good,5
Alhamdulillah dgn adanya Gojek yg tidak bisa nyetir sendiri bisa pergi kemana mana dgn selamat mksh Gojek,5
mantapppp,5
mantap,5
bagus,5
cepat aman,5
Ok bagus cuman suka agak ngelag agar terus diperbaiki,5
sangat membantu saat akan pergi tidak ada kendaraan pribadi,5
"mau apapun jadi sat set tnpa ribet bersama gojek, memang andalan.",5
terimakasih Go-Jek,5
makin mantapp,5
"senang pakai Gojek, suka banyak promo ğŸ‘",5
nyaman,5
"udh tau buruÂ² driver batalin tanpa bilng padahal udh setengah jalan itu kocak kocak ni gojek, harus nyari driver lagi dan itu ga langsung dapet nunggu 5 menit an",2
Bagus banget aplikasi ini (â â‰§â â–½â â‰¦â ) ğŸ‘ğŸ»âœ¨âœ¨,5
oke dan cepat sekarang nggak banyak lagi promo nya,5
sangat terbantu oleh greb karena aku kemana mana ga punya kendaraan,5
mantap,5
"terimakasih, menyediakan aplikasi yg sangat bermanfaat",5
ok,5
pelayanan mantab,5
bepergian lebih praktis,5
excellent,5
"Makin hari, tarif gojek makin mahal. malah jadi 2 x lipat. padahal udah make yang hemat",1
tepat waktu,5
"suruh nunggu selama 20 menit untuk tahu ujung ujungnya driver ga mau jemput tapi ga mau chat, buang waktu dengan sistem kaya gitu,",1
sungguh luar biasa aplikasi gojek..mksh,5
luar biasa,5
mantap,5
"saya sudah pake gojek dari tahun 2023 sampai sekarang masih setia menggunakan layanan ini karena di bandingkan dengan kompetitor yg juga tak kalah hebat bagiku gojek memberikan layanan yg baik dengan harga yg lebih terjangkau, saran saya mungkin bisa di tambahkan fitur ""about customer"" yg bisa di tulis langsung oleh customer misal aku orangnya jarang bicara di perjalanan( kecuali di tanya tentang jalan dan tujuan) dan lebih suka menikmati perjalanan,agat para driver tau kalau aku itu introvert",5
aplikasi yang sangat membantu ğŸ˜ğŸ˜ğŸ˜,5
"31 Desember 2025 jam 01:35, saya pesan makan 3 bebek goreng dengan harga Rp.35.000 diaplikasi dan totalnya Rp.105.0000, dengan pengantaran express Rp. 22.500, total 1 pesanan Tunai Rp.127.500,.. setelah Â±30 menit kemudian, harga diaplikasi tiba"" berubah dimana pesanan 3 bebek berubah total harganya jadi Rp.120.000 ditambah pengantaran express Rp.22.500, jadi total yg harus saya bayar Rp.142.500.. TERIMA KASIH GOJEK, SAYA KAPOK BELI MAKAN DI APLIKASI GOJEK, NEXT SAYA AKAN BELI LEWAT APLIKASI GRAB",1
"drivernya gaada yang mau pickup pesanan, padahal kita nunggu udah lama banget",1
good,5
apk gopay saya tidak bisa buat transfer ke bank qris dan lainya.tolong dong bantuanya,1
perasaan dulu customer order langsung nyantol ke resto dan drivernya sekarang harus nunggu dulu selama satu jam lebih lama banget anjir ğŸ˜¡,1
banyakin promoo atuh,5
Makin mahal ongkir,1
"kecewa banget dengan estimasi jam kedatangan..sdh nunggu lama, malah gak dapat driver.hingga waktu terbuang..dan akhirnya ter cancel otomatis. gila waktu di anggap main2,malah lama pulak cancelnya..",1
ok,5
saya suka,5
sangat mantap,5
bagus aplikasi nyağŸ˜€ğŸ˜†,5
dijamÂ²ramai selalu di cencel terus. kecuali kalo harga tinggi baru diambil.,5
"saya selalu saja lambat menemukan driver di kota saya bahkan bisa lebih dari sejam dua jam dan itu sangat bikin frustrasi, terlebih lagi saat saya lagi lapar dan sedang sibuk tidak ada waktu memasak makanan. bahkan saya pesan di resto yang sepi pembeli tetap tidak ada yang mau menerima pesanan saya",1
"Sekedar cerita sedikit atau keluh kesah di saat kondisi darurat, drivernya ga pada mau ambil orderan padahal banyak yg dekat dari titik lokasi saya, posisi lg gerimis doang, alhasil pake aplikasi laen langsung ada yg mau ambil. Terima kasih",1
sukses slalu buat gojek,5
"bagus,suka pakai aplikasi ini,tapi suka kesal sama driver gocar kadang kalau tak mau jemput sering tak mengabari,tiba tiba mobil menjauh,jika memang tak bisa jemput setidaknya mengabari biar bisa cancel.",4
"hari ini saya pesan gocar ber5 dgn anak, sopir kurang sopan agak marah karena kami pesan gocar biasa, saya tidak tau sebelumnya jika harus pesan gocar XL, dgn pedas pengemudi bilang saya harusnya pesan gocar XL krn ber5 walaupun 1 orang anak saya bayi tetap dihitung 5, saya sudah lama berlangganan gocar, tapi baru kali ini ketus sekali pengemudinya, mau sy batalkan kasihan jg dia udah jalan ketempat kami, jd saya mengalah saja, mohon sediakan kami untuk blokir sopir yg gak kami mau",1
lama banget dateng nya telat sampe 3 kali,1
"cari driver pas hujan go food lama bener, udah kelaparan nunggu dari jam 6 sore sampai 10 malam nunggu driver itupun berulang kali pesen makanan ditempat yang sama",1
mantap,5
menyenangkan,5
kadang driver nya ada yg ramah ada yg gk,4
Menyenang kan,5
bagus dan mudah,5
agak kecewa krn double order tnp info,3
"Padahal udh nyaman udah enak bgtt tpi kok makim sini makin susah cari drivernya, selalu lamaa, pdhal bukan fitur hemat juga, tpi suka lama teruss gaapernah ada yg nerimağŸ˜” tolong dong pihak gojekk",4
mntap,5
"sudah coba langganan,makin jelek lagi, kapok ah,kapok selamanya",1
sangat membantu disaat butuh makanan,5
enak banyak canda,4
permainan ini sangat seru jika kita memiliki byk pelanggan tapi sering sepi dan costumer aneh' tolong kedepannya update agar lebih sering dpt costumer nya dan tidak aneh' juga potongan yg cukup kecilğŸ¥°,5
"10x memakai kurir by gosend buat antar barang dari toko pembelian,7x kecewa kendala putus komunikasi kurir gosend setelah barang tiba di lokasi. alasan dari kurir semua sama nomor tidak bisa dihubungi.",1
"saya pesen gocar dengan harga yg menjangkau tiba"" dicancel sama gocarnya suruh pesen lagi malah dapet harga 2 kali lipatnya tolong jarak ga jauh tapi harga dikali 2 kali lipat",1
Banyak driver yg mulai gak kompeten,2
sangat membantu,5
sekarang kualitasnya jelek masa nyari driver lamanyaa 1 jam lebihh ntah gofood atau gocar lama bgtt nyari driver yg lapar sampai kelaparan asam lambung naik! tolong ditingkatkan lgi kualitasnya,1
"awalÂ² bagus sih, tapi lamaÂ² aneh. susah dapat driver, padahal kondisi lagi gak hujan dll, plis tolong perbaiki sistemnya. buat waktu nyari drivernya cukup batasin 15 menit aja, habis itu udah kalau lewat 15 menit gk dapat driver pesanan bisa di cancel. biar gak usah lama nungguin. tolong perbaiki lagi sistemnya",1
sangat memudahkan saya dalam beraktifitas,5
"asli pesen gofood pas ujan harus sabar"".. pernah pesen jam 8 malam datang jam 10 malam padahal dket cuma 2-3 km an.. sampe hujan terang dan jalan kering baru dapat driver.. padahal klo pake grab food aman klo ujan paling lama"" 1 jam an itu pun jarang jauh diatas 5km.. entah lah jadi males make gojek klo ujan dan resto pun sudah pada paham klo gojek klo ujan pasti susah dapat driver..",1
ini bagus aplikasi nya tapi tidak mahal ğŸ˜˜ğŸ‘ğŸ‘ tapi kalo Maxim gak bisa kayak gini memang hebat gojek ğŸ‘ğŸ‘ğŸ‘ğŸ‘ğŸ‘ğŸ‘,5
"orderan makanan saya dibatalin berulang, saya sudah menunggu lama padahal",1
"pencarian driver lama, udah dibatalin malah driver udah datang, aplikasi g bermutu",1
"driver nya pd kaya,kek gampang banget cancel orderan pembeliğŸ˜Š",1
kereeen,5
pengiriman nya cepat sekali,5
"pake promo dilama2 in, giliran pake yang mahal langsung berangkat wkwkw. akal2 an",1
puas bagus,5
"go send dari palmerah ke stasiun kalideres, lumayan mahal bang kadang 75k atau 50k akhirnya kita ke tiki dah bang",2
pelayanan driver baik,5
pelayanan driver kebanyakn kurang ramah,1
pajak lebih besar dari pada biaya perjalanan bikin rugiğŸ¤¬,1
akun gua kena banned perkara promo kalo ga mau kasih promo ya jgn promo dongo,1
sangat mambantu n praktis,5
bagussÂ² sajaa,4
Nice Appâ˜ğŸ»,5
"tolong beri kita akses agar bisa chat ke tokonya disaat makanan sudah diterima, atau enggak kasih kita sebagai pengguna agar bisa mengembalikan makanan jika resto keliru, seperti saya sekarang ini. karena makanan yang saya terima tidak sesuai.",5
gojek sekarang drivernya udh bisa memanipulasi waktu ya? yg katanya makanan sampai dalam 6 menit hampir 20 mnit nunggu tetap nggk gerak gojeknya... mending nggk ush bikin estimasi waktu,4
memudahkan,5
promosi doang banyak pelit diskon,1
ok,5
"sangat mudah dan tepat klo sedang dlm ke adaan darurat, mempermudah perjalanan kemana pun tujuan kita...",5
cepat.ramah dan aman ğŸ‘,5
"saya kecewa dengan sistem refund gojek, di aplikasi mengatakan saldo sudah di refund tapi yang du refund cuma jumlah tip yang saya berikan untuk driver saldo yang seharusnya saya bayar untuk pesanan tidak ada mssuk ke rekening saya, padahal yang membatalkan dari pihak resto. ketika saya chat cs nya disuruh menghubungi pihal bank sendiri yang dimana prosesnya ribet banget, harus menggunakan surat pernyataan bermaterai, dll. sampai sekarang saldo saya belum kembali",1
Servc ok,4
Mantap pakai Gojek,5
Alhamdulillah aplikasi gojek banyak membantu,5
Saya puas pake gojek. Pelayanan cepat - bagus,5
okeh sip mantab,5
mantap,5
"kecewa banget sih lagi butuh cepet malah harus nunggu 30 jam buat daftar, untuk pendaftaran mungkin harus diperbaiki lagi seperti 1 jam or something",1
excelent service,5
driver nya suka ambil double customer,3
ğŸ‘ğŸ‘ğŸ‘ğŸ‘ğŸ‘,5
kadang bbyak diskon kadang gada,4
tarif nya Uda seminggu ini knp mahal trus. sy rutin bolak balik ktr kerumah biasa paling mahal 15 rb tapi ini diatas 21 rb. kenapa ya,3
jadi gausah keluar rumah buat makan,5
ok trimakasih banyak promonya.,5
the best,5
kok skrng malah susah bgt ya dpt driver? pada kemana ini driver nya?,1
makasih,5
aplikasi yg memudahkan kita,5
pelayanan customer servicenya buruk sekali...mengecewakanğŸ‘ğŸ‘,5
baru kemarin naik gocar dan itu yg pertama kalinya .tapi gak disangka sopirnya bilang harusnya ibu pakai yg XL karna bawaan banyak .laa saya kan cuma sendiri kalau XL itukan untuk 7orang .mentang mentang aku ngangkut baju banyak dibilang suruh pakai XL .toh aku sendiri juga yg angkat bawaanku.tolong lah gojek gojek pelayanan itu jangan pilih pilih .kalau penumpang gak boleh bawa barang buanyak harus nya di kasih kapasitas bawaan 5kg gitu aja lh sekalian atau penumpang dilarang bawa barang gitu,1
"aplikasi bermanfaat, mudah digunakan juga",5
aplikasinya bagus,5
menikmati,5
ok,5
bermanfaat,5
kenapa dapat drivernya mesti jauh apa gak ada yg dekat,1
safetynya bagus,5
sangat membantu aktifitas harian saya,5
"Akun Saya Gak sengaja pesan makanan, karena iklan gojek di YT, ini karena saat pembayaran di gojek tidak ada pengamanan seperti diminta PIN Atau kunci biometrik.",1
cepat dan pasti,5
"Driver ny pada songong, pake voucher dari gojekny pas di pesen gk mau jalan jalan, Maxim mah gk gitu",1
"Gojek enak, asyik jalan-jalan, meski harganya waw bersahabatğŸºğŸ¤ ",5
sangat membantu saat ortu sakit bisa mempermudah pengantar,5
mantul mantap betul,5
nyaman,5
sangat membantu,5
"Lagi kecewa sama gojek,ada driver yg minta biaya tambahan yg gak sesuai aplikasi.malah gak di proses,katanya driver mau kasih kembalian customer nya gak mau.padahal jelas2 drivernya sendiri yg bilang,klo biayanya gak sesuai aplikasi!!!",3
sangat puas,5
"memudahkan kaum kaum ngojek untuk ngojek tanpa harus kee pengkolan ojek,dan memudahkan juga bagi tukang ojek untuk menerima tumpangan",5
cari driver gosend aja susahnya minta ampun rugi kalau gini terus nunggu driver berjam jam,1
"Saya kasih 5â˜† blm nyoba sii, tp kalo ngecewain pelanggan langsung akuh turunin 4â˜†na! n` uninstall Oke.. ğŸ˜¹ğŸ™ Ternyata semakin eror saya copot&turunin jd 1â˜†na Maapkeun.. Gojek semakin kesini semakin reze, tolong perbaikin! Agar pelanggan banyak yg tak kecewağŸ˜” maapkeun aq turunin 4â˜† ğŸ‘‰Saya saranin spt itu&1 lagi bisa dipindah apkna ke memory bayar lebih longgar internalna kak.. ğŸ˜Š Nhun.. Minta update, m-mulu HBSin kuota.. otw hapus atuhâ€¢!ğŸ™ğŸ¥º",1
"kocak,tiap mau pesen makan..sebelumnya ad promo diskon bayar pake superbank,tp pas tiap mau dibayar,promo nya langsung ilang ğŸ¤£ udah beberapa kali kek gt mulu ğŸ¤£",5
bagus aplikasinya.,5
aplikasi bagus lanjutkan,5
baik,5
Aldllah semua driver baik ramah sopan,5
aplikasi ini mudah dipahami,5
okkk,5
luar biasa,5
apakah harga di aplikasi bisa di nego,1
awal2 murah. tapi makin hari tarif nya makin mahal. padahal dengan jarak tempuh yg sama. rmh kantor. kantor rumah tiap hari kek gtu tarif nya makin naik aja setiap hari heran itung2an nya gimana kali. awal 10.500 naik terus menerus sampai sekarang jadi 16.500 . padahal jarak tempuh sama dn cuma kesitu situ aja tujuan nya tapi tarif makin mahal.,1
keren,4
"gercep, ramah, amanah",5
aplikasi aneh ganti detik ganti harga nya extreme,1
sangat membantu,5
keren,5
sangat membantu ^-^,5
Sangat membantu dan memudahkan ketika ingin pergi kemana saja. Thanks Gojek,5
"mudah ada dimana mana, sukses selalu",5
semoga jaya terus,5
okey bangett,5
"masa saya batalin transaksi pakai auto debet bank mandiri, saya udah lapor berkali2 di email dan udah lebih dari 1 bulannnn dan laporan nya cuma dijawab ada diluar kendali pihak gojek?????? dan tanggung jawab pihak bankk???? padahal saya sudah datang ke pihak bank dan kata pihak bank sepenuh nya tanggung jawab gojek, karena pihak bank mandiri tidak bisa melakukan apapun karena yg melakukan pengembalian dana ya pihak gojekkk, TANGGUNG JAWAB BALIKIN DUIT SAYA RATUSAN RIBUUUUUUUU",1
gojek is the best cukup klik di apl ini lebih simpel dan semuanya bisa di klik aja deh gojek sllu di hati,5
aman dan lancar jaya,5
gojek JGN HARGANYA TERLALU MAHAL BANGET LAH TURUNIN HARGANYA KASIAN RAKYAT WOY !,1
aplikasi tolol sudah betul dapat driver,1
jelek,1
sangat menguntungkan dan berguna setiap hari. membantu banget,5
Ok,5
"tagihan receh nagihnyaa kaya cacing kepanasan Wkwkwk, belom Jatuh tempo udah panik ğŸ¤£ğŸ¤£ğŸ¤£ğŸ¤£",2
gojek pelayanan bagus,5
udh lama pake gojek..tapi gk pernah bisa pake paylater nyaa,1
bagus,5
Alhamdulillah.. sangat terbantu... Berkah Selalu Para Pejuang,5
Pelayanannya sopir gojek rataÂ² memuaskan,5
mantap,5
"gojek sekarang mau di komplain pengaduan apapun sudah tidak akan di dengar,,aplikasi ini sudah jadi aplikasi sampah yg hanya berfokus cari untung besar doang,,aplikasi yg hanya membodohi pelanggan dan driver di lapangan beda dengan gojek dahulu (kecepatan,ketepatan,kepuasan pelanggan itu di utamakan) apa yg mau andalkan dengan aplikasi gojek sekarang yg hanya serakah cari untung mikir kan untung besar sendiri,,tanpa pelanggan dan driver di lapangan gojek bukan apa"",, MIKIR !!!!",1
oke banget dan banyak proonya. bisa makan makanan favorit dengan harga miring abisss. mkasih ya Gojek,5
josss,5
setiap pesen paket pake GO-SEND selalu lamaa,2
kenapa pas butuh banget di kasih driver rada jauhan? pas santai di kasih yg deket?,3
Ini kenapa dah tolong gojek yg bener gw dah pesen makanan di dua resto berbeda selalu dibatalkan tiba tiba,3
bagus ğŸ‘,5
Sangat membantu untuk transportasi,5
selalu di tolak,1
"3 jam mesan ga ketemu driver ,orang lapar!",1
good,5
satisfied,5
mantap,5
"Gojek sangat membantu saya dalam media transportasi,sangat bagus,joss",5
aplikasi cacatttrtttttt,1
"Aku selalu pakai Gojek, aman, nyaman,.pengemudi ramah",5
good,5
sangat memuaskan,5
good service,5
oks,5
"sedih bangett ga dapet dapet driver hampir satu jam, mana posisi lagi capek banget... â˜¹ï¸â˜¹ï¸â˜¹ï¸",1
driver baik dan terbuka jujur,5
"yg di stasiun, harga murah dengan model input kode tidak bisa di input. php doang",5
sangat membantu di saat kita ada keperluan mendadak,5
Good,5
mantap ğŸ‘ğŸ‘ğŸ‘ğŸ™,5
"driver ramah dan cepat, mau sabar menunggu, terimakasih ğŸ™ğŸ¼",5
"Gofood dapet driver tua bangka, udah deh tamat.. nyari alamat muterÂ² bloon",5
menunggu dapet driver suruh nunggu 1 jam.. bayangin deh perbaiki lah sistem nya kalo gak dapet driver 10 menit langsung cancel aja..,1
bagus pelayanan cepat,5
GG sekarang bisa naik innova ribon ğŸ˜,5
cepat,5
good,5
rekomend makanan tidak ada yang discon,4
Sangat membantu,5
sangat membantu,4
apk sering close sendiri,1
memuaskan,5
bagus,4
ok,5
bagus dan bisa jadi solusi kalok mager,5
sangat membantu saya,5
aman dan amanah,5
membantu,5
paling murah,5
bagus,4
sering2 evaluasi driver.. biar gak rasis dan punya mental kesehatan yg baik,3
oke bang,5
mudah di gunakan,5
pengiriman cepat.. driver ramah,5
driver nya lama ga sampeÂ²,3
"pesen go food suka lama, apa karna sekarang sistemnya gitu ya? padahal mesen makanannya yang ga perlu dibuat dulu, tapi tetep aja lama",2
Saat hujan tarifnya mahal.,1
solusi transpirtasi yg tepat,5
bagus,5
banyak ngasi promo. terima kasih sudah banyak memudahkan pengguna dan memberi lapangan kerja para driver,5
sangat membantu,5
"setelah no telfon di blokir karna alasan yg sebenernya bukan salah aku di aplikasi sebelah, akhirnya beralih lagi ke gojek. ternyata emang lebih nyaman pakai gojek dari pada aplikasi sebelah",5
"kalau memang ga dapet driver, harusnya 20 menit bisa batalin. kelamaan nunggu udh gitu ga dapet voucher sama sekali sebagai kompensasi membuang waktu saya",1
"ramah,sopan",5
gacor,5
sangat membantu,5
membantu sekali.,5
aplikasi gojek sangat membantu saya,5
sangat membantu,5
sangat membantu,5
penolong kaum mageran,5
Saat pesen gojek datang nya cepet bnget 10 menit udh nyampe,5
pokoknya aplikasi yang bagus. makin sukses gojek,5
supirnya baik dan ramah,5
amazing,5
mantap,5
bermanfaat,5
ok banget sangat membantu...maju terus gojek Indonesia,5
banyak potongan dan haega promo,5
"apapun keperluanya,gojek selalu ada",5
mantap,5
memudahkan dan nyaman,5
pesen gojek angkutan 1 jam lebih belum dapat driver. lama2 aplikasi tidak membantu sama sekali.,1
